rat,param,hour,n,hmm_mean,hmm_q10,hmm_q90,tod
1029,B,0.5,387,1.5276174485578016,1.2710529866771614,1.7929032268714151,1.8072005952987205
1029,B,1.5,115,1.5356726468406654,1.2485396965242808,1.7772157296504116,1.8343393550177567
1029,B,2.5,268,1.6734119138856904,1.4326646110255299,1.79394613184678,1.8356224043816016
1029,B,3.5,345,1.5247214535098985,1.2592187234424512,1.7196480039364703,1.7993256852916637
1029,B,4.5,726,1.5318815737012481,1.2768607186826082,1.7937255708864286,1.7367881503148943
1029,B,5.5,1100,1.463615184229083,1.2434739876940166,1.6748511563459103,1.676027025822853
1029,B,6.5,1436,1.456212117851963,1.2284017046236415,1.7927856715073902,1.6457329422605012
1029,B,7.5,834,1.4291553958720402,1.2391636603506626,1.5973846369224731,1.6624278975927775
1029,B,8.5,360,1.5356181936447166,1.2818842693877657,1.773919238920145,1.7250804038335232
1029,B,9.5,476,1.6303135338059243,1.380190719868611,1.7950290602391659,1.8149690851293319
1029,B,10.5,870,1.6615149782091498,1.391141704473106,1.7951715976367364,1.9014673084226206
1029,B,11.5,1157,1.6332528225946292,1.362245565830563,1.794742919411441,1.9560489616850518
1029,B,12.5,1231,1.5569685489648308,1.2622437400229105,1.7922058642781133,1.968415960293305
1029,B,13.5,890,1.592363481310129,1.3263899146076488,1.7940663599811628,1.9510769154074203
1029,B,14.5,1246,1.630407054138932,1.3510386186536802,1.7947433392815635,1.9278397583570603
1029,B,15.5,1639,1.6235815142094028,1.3639535327057781,1.7933843681584756,1.9170214781303487
1029,B,16.5,1943,1.6182901587675873,1.3572175396733717,1.79438241180585,1.9214699023989075
1029,B,17.5,2906,1.5625689417616109,1.2996318032227818,1.7920964580075731,1.92908363355251
1029,B,18.5,1869,1.5285138230920456,1.274988231492942,1.7910315346628498,1.9222779247299024
1029,B,19.5,2475,1.5288955572028158,1.2778266231411766,1.7819386548318388,1.8914805817490852
1029,B,20.5,1712,1.5260769313167215,1.2649393265084012,1.7931157153873158,1.8434660993237117
1029,B,21.5,1476,1.4979271287085294,1.2641513838266645,1.7572328407779159,1.7975988825972173
1029,B,22.5,1059,1.4834612114559573,1.2569828126053757,1.7065040180536244,1.7734930181542359
1029,B,23.5,865,1.4975942557276885,1.2605023816545984,1.720525438528557,1.779454896493212
1029,v,0.5,387,0.7283595429858519,0.5967172002866032,0.8376077248496658,0.5703599888186471
1029,v,1.5,115,0.7096338783265704,0.5949626068561642,0.8091672873707567,0.5135331759098706
1029,v,2.5,268,0.7311240735454421,0.6965099816962116,0.803373107002956,0.46099926222762494
1029,v,3.5,345,0.7378249203359624,0.5985890608071736,0.8357425165775082,0.40988093647132534
1029,v,4.5,726,0.7143939771669234,0.5867391779555214,0.8316347935967024,0.3582742258686963
1029,v,5.5,1100,0.6952730539203205,0.5816441749882775,0.8325604410512883,0.30911203315735775
1029,v,6.5,1436,0.6709594520083946,0.5810975535700724,0.7968201150165091,0.26933009440388855
1029,v,7.5,834,0.6717685457960462,0.5763537695331418,0.8023079548795502,0.24617512171712705
1029,v,8.5,360,0.7149797333085122,0.5899370365611938,0.8255863264468425,0.24531954714862894
1029,v,9.5,476,0.7339727381986609,0.6255123324915303,0.8289615228254257,0.27195735484653805
1029,v,10.5,870,0.7319298242670119,0.6751543147221175,0.8283405705226996,0.3316400062050872
1029,v,11.5,1157,0.7299873422083057,0.6042990254216947,0.8231211281315278,0.426538874737021
1029,v,12.5,1231,0.7224959669184678,0.5970964070796883,0.8341060712676442,0.546011248005351
1029,v,13.5,890,0.738212049041119,0.599345398315497,0.8469243123431205,0.6608070942555397
1029,v,14.5,1246,0.7280602934854267,0.6014923737069705,0.820479609864905,0.7368661347973968
1029,v,15.5,1639,0.7410204446534194,0.6287125140635822,0.8400528677935648,0.7619217874712205
1029,v,16.5,1943,0.7357771310034938,0.6090930418858755,0.837077815797002,0.7527507310764388
1029,v,17.5,2906,0.7310432280299922,0.5970153019952875,0.8383921719164545,0.7361012646301694
1029,v,18.5,1869,0.7206967676767725,0.5900913074351327,0.840041441224172,0.7288222233521611
1029,v,19.5,2475,0.7299711392698622,0.5936270306591809,0.8437016224948315,0.7317618557953971
1029,v,20.5,1712,0.7224718873751506,0.5925161999053198,0.8412382872333101,0.7335608568263932
1029,v,21.5,1476,0.6993121288693744,0.581793202416064,0.8192030557950474,0.7197608336644824
1029,v,22.5,1059,0.6990705310333624,0.582665406287996,0.8208179534881015,0.683476307414452
1029,v,23.5,865,0.7124245257984848,0.5904492253063923,0.8300944319583634,0.6298614619447481
1029,a₀,0.5,387,0.31609711728845674,0.2689985185202143,0.382350589850472,0.4216759992733832
1029,a₀,1.5,115,0.3290783920283867,0.2830783551684092,0.37216610884741386,0.4272824127702742
1029,a₀,2.5,268,0.3460336386745579,0.2878158154500553,0.3830130220982767,0.42334032639500324
1029,a₀,3.5,345,0.3117638907331618,0.2714634996848071,0.35612390756472645,0.4095273191078016
1029,a₀,4.5,726,0.32130939046599777,0.2717678366056001,0.382901132667285,0.3890138079907578
1029,a₀,5.5,1100,0.3151622492115397,0.27168081792571436,0.33751197416177003,0.3674316023976921
1029,a₀,6.5,1436,0.3255832456840871,0.2817007028299771,0.38242486643823903,0.35060763007128853
1029,a₀,7.5,834,0.31750376292832777,0.28106828668913303,0.3375119741617693,0.3423923087635199
1029,a₀,8.5,360,0.321767421394526,0.27301391997629143,0.373165499164107,0.3436432306511464
1029,a₀,9.5,476,0.3352439323430019,0.27163408872985895,0.38371660157551934,0.35236224390691095
1029,a₀,10.5,870,0.3448339797561958,0.27428389583481494,0.3838142644962972,0.3646120574598293
1029,a₀,11.5,1157,0.3382169421225766,0.27649536878203756,0.38352467485379405,0.3760129861779958
1029,a₀,12.5,1231,0.3260131840220855,0.27164983201177156,0.3819625215875576,0.3833724900741491
1029,a₀,13.5,890,0.3249664859266995,0.26840579668325804,0.3831041122871553,0.3856453660500799
1029,a₀,14.5,1246,0.33823153003692724,0.2787372452782545,0.38352739265377567,0.3837643412070783
1029,a₀,15.5,1639,0.330802126122272,0.2712986699431233,0.38266136763370195,0.3796558192414451
1029,a₀,16.5,1943,0.33177772118232257,0.2704003047167651,0.3832788921021917,0.3751926690398132
1029,a₀,17.5,2906,0.3216409777515718,0.2707217729525492,0.38189225385058273,0.3716796401306066
1029,a₀,18.5,1869,0.3173066098149446,0.26992079385650913,0.3813716948575586,0.36996691356775435
1029,a₀,19.5,2475,0.31354239804612594,0.26860151769714,0.3748600484067619,0.3708364357796737
1029,a₀,20.5,1712,0.3167608175066684,0.2687268526593076,0.3825160327446625,0.375168661913006
1029,a₀,21.5,1476,0.31889385752598504,0.27508117357342066,0.36300076537788395,0.383603175983421
1029,a₀,22.5,1059,0.3162018164430076,0.2756120832941817,0.34472708004785724,0.39579474251337016
1029,a₀,23.5,865,0.31538214825614314,0.2754976978663207,0.3426093504712728,0.40972355512266034
1029,τ,0.5,387,0.7353660972044784,0.6444891292177863,0.8256603876633994,0.5531178612719826
1029,τ,1.5,115,0.7402046577383735,0.6508672193167002,0.8214962958411204,0.5556794817926978
1029,τ,2.5,268,0.7851266699669182,0.6992419289348717,0.8259497778793957,0.5483292968223638
1029,τ,3.5,345,0.738868670109216,0.659110930409055,0.8062159203837114,0.5357729748738195
1029,τ,4.5,726,0.7268825254660096,0.6166479922178758,0.8258970913030512,0.5257221669131232
1029,τ,5.5,1100,0.6976171768683765,0.5897579743953034,0.7940514966570625,0.5244387042547339
1029,τ,6.5,1436,0.6905652813676106,0.5878717542195862,0.825642583228676,0.5338926390334421
1029,τ,7.5,834,0.6763228815325425,0.5698413018919739,0.7698628559793603,0.5511204450561469
1029,τ,8.5,360,0.7281001001348308,0.626087107951995,0.8203806716975408,0.5695606086120063
1029,τ,9.5,476,0.7707399945135259,0.6720429883254853,0.8262201866703596,0.5823471857253829
1029,τ,10.5,870,0.7861828189901127,0.6889161971122248,0.826257856119282,0.5862910107548942
1029,τ,11.5,1157,0.7720352074907179,0.6681987249684253,0.8261504143751598,0.5836084220138131
1029,τ,12.5,1231,0.7461986696174274,0.6548651546427113,0.8255041742389267,0.5798060966724817
1029,τ,13.5,890,0.7586162108172533,0.6588470597209181,0.8259775110019173,0.579574606476895
1029,τ,14.5,1246,0.7697965026332746,0.6618769614575585,0.8261519787400697,0.583686637969772
1029,τ,15.5,1639,0.7711479747560687,0.6734330990924446,0.825786067146449,0.5884491600375388
1029,τ,16.5,1943,0.7670351923557829,0.6680512121557516,0.8260602610495287,0.5879402113087119
1029,τ,17.5,2906,0.745890965966855,0.6530085028833679,0.8254763254610151,0.5781360050856028
1029,τ,18.5,1869,0.7264578272745669,0.6171182390347685,0.825214779190678,0.560251503343743
1029,τ,19.5,2475,0.730388213048718,0.6305974158229113,0.8225369413067327,0.5404520790473084
1029,τ,20.5,1712,0.7283669306313058,0.6290975013047402,0.8257308809281224,0.526230816314529
1029,τ,21.5,1476,0.7053553445441682,0.5879768167313709,0.8157940014830789,0.5224752140569892
1029,τ,22.5,1059,0.701251347119499,0.5919924717416423,0.8011071726970815,0.5293400272280184
1029,τ,23.5,865,0.7162292339549637,0.6177803817955632,0.8061061059273329,0.5421146214845078
1052,B,0.5,1607,1.833342436883179,1.5520215455264166,2.131879490922373,1.8399067045970456
1052,B,1.5,1555,1.823350849696554,1.5417465583345122,2.0580651321657597,1.8741960508895763
1052,B,2.5,2818,1.8328469916885715,1.5324677900039192,2.176497324152309,1.9042631288916705
1052,B,3.5,3427,1.8514329393645308,1.4980638085652782,2.2994782118351735,1.9121956732564742
1052,B,4.5,6703,1.8412781248897294,1.4833300996926737,2.314222022892733,1.8884196019011688
1052,B,5.5,7141,1.7810129169637374,1.475971552339852,2.2848327511059456,1.8394886430210313
1052,B,6.5,5283,1.6758784129456115,1.4731069217256862,2.1055054101063555,1.7855253110688214
1052,B,7.5,2890,1.6119947464870656,1.4722171422435777,1.8914482022687764,1.7494417091437768
1052,B,8.5,1381,1.754143199115265,1.4759711606842107,2.246631123663224,1.7461707988251158
1052,B,9.5,2439,1.8179974287699965,1.4759712748475646,2.311217883388751,1.7769663991500104
1052,B,10.5,3826,1.8194516503664164,1.4779433627221685,2.3199147238617144,1.8289309492835926
1052,B,11.5,4935,1.8740304045478888,1.48838021068197,2.3639745836802963,1.8796955090827219
1052,B,12.5,2673,1.8078408686041618,1.4856736026483213,2.2666147879725944,1.9075581401776016
1052,B,13.5,2808,1.8642577690437705,1.5187713950380455,2.3023403462320458,1.9030569696675264
1052,B,14.5,2269,1.8858767082706094,1.5145158477771365,2.3669221966584093,1.8735543901586447
1052,B,15.5,1995,1.8733145017385167,1.4917530219246031,2.357935408372793,1.83690517890813
1052,B,16.5,2292,1.7645175451287811,1.480981396493872,2.149069116006601,1.8099261949542447
1052,B,17.5,2026,1.7340786862377853,1.4773083910721692,2.1001978022058685,1.8000925649153487
1052,B,18.5,1924,1.7373432034729377,1.4817977606321944,2.0035797057358984,1.8040134767430538
1052,B,19.5,1686,1.7342236990231796,1.481395215928886,2.0140865608615712,1.8118118248505557
1052,B,20.5,2081,1.7724867616232203,1.4897341248597604,2.083179985744739,1.8146772265314748
1052,B,21.5,1861,1.7879433624160963,1.4886718809946653,2.1278600490975594,1.8112612195460924
1052,B,22.5,1195,1.7485294228562593,1.4848769042349206,1.9656392935833518,1.808517433885288
1052,B,23.5,1579,1.8388876756583263,1.5513111828019412,2.1647066561844177,1.8163516024947004
1052,v,0.5,1607,0.8302170622821162,0.7484852202117845,0.8789784651129131,0.694252937706482
1052,v,1.5,1555,0.8329298200410439,0.7694143228169223,0.879012007020224,0.6650352464382087
1052,v,2.5,2818,0.8279343261774923,0.7346492722268247,0.8816087446912062,0.6632465180387864
1052,v,3.5,3427,0.8170614756037835,0.701497321963986,0.8826893561149208,0.686002030737759
1052,v,4.5,6703,0.8135308799332296,0.6975355396725552,0.8846327658798935,0.7196409451602925
1052,v,5.5,7141,0.818409052150799,0.7048857267906832,0.8876856878780618,0.7442353553795594
1052,v,6.5,5283,0.8202329165189577,0.7417494242623314,0.8858350598764688,0.7445982239243112
1052,v,7.5,2890,0.8158090928171972,0.7431879094514983,0.8851729086827397,0.721342370253544
1052,v,8.5,1381,0.8267941434734102,0.7167636636683449,0.8877962841332632,0.6900964821075205
1052,v,9.5,2439,0.8131409205438851,0.6983224821989727,0.8837832525350009,0.6697999102596107
1052,v,10.5,3826,0.8138237295158347,0.6953194034602086,0.884367743382741,0.6722269687885969
1052,v,11.5,4935,0.807919164462608,0.683930845666994,0.8855361504841139,0.6981626370768169
1052,v,12.5,2673,0.8228015420518026,0.7080873398032569,0.8876288402036218,0.7375938460784531
1052,v,13.5,2808,0.8170482907970668,0.700425294133547,0.8819458188539993,0.7734328451799721
1052,v,14.5,2269,0.8079495539290288,0.6839906043466413,0.8824356447390141,0.7907930137270365
1052,v,15.5,1995,0.8078244399350257,0.6847237468908253,0.8799703660915895,0.7873204328651342
1052,v,16.5,2292,0.8321668596128091,0.7417494242623316,0.8865090288415053,0.774382154129271
1052,v,17.5,2026,0.8357917858213165,0.7480219247502167,0.8883304766105133,0.7676579666253879
1052,v,18.5,1924,0.8404428482636941,0.7646387508512422,0.8886486152513215,0.7763897840672062
1052,v,19.5,1686,0.8420524150652615,0.7620630610684923,0.8882415316594419,0.7978625890508589
1052,v,20.5,2081,0.8332736004092103,0.7473271384310085,0.887251744729667,0.8178792741147219
1052,v,21.5,1861,0.8333525639930829,0.7479378307763376,0.8857759001807557,0.8183042561161135
1052,v,22.5,1195,0.8431323084298229,0.7762082553522991,0.8888592199112244,0.7902230362990468
1052,v,23.5,1579,0.8276409372969765,0.7395780896811449,0.882337948881575,0.7421678832200921
1052,a₀,0.5,1607,0.48127012943285236,0.3779011805006868,0.6512918099590794,0.46476117733471123
1052,a₀,1.5,1555,0.4709542142820929,0.37779449453351954,0.6137753501130049,0.4722186354740615
1052,a₀,2.5,2818,0.49200368602787664,0.3791975439492943,0.6758044542625088,0.48732175240008363
1052,a₀,3.5,3427,0.5222482068990664,0.3819155283684523,0.7160302803266059,0.5066113936228555
1052,a₀,4.5,6703,0.5339121651308905,0.3855089199685028,0.7332774831856007,0.5247362712494149
1052,a₀,5.5,7141,0.5538673919898219,0.4105532369849858,0.7287807033371895,0.5370209296776997
1052,a₀,6.5,5283,0.545390743949798,0.4369849917784494,0.6703348939020974,0.5416474522281325
1052,a₀,7.5,2890,0.5327927461308988,0.4494522898969461,0.5927671773559635,0.5402194260465092
1052,a₀,8.5,1381,0.528522706984267,0.39661691365730073,0.6944515695285403,0.536559180876973
1052,a₀,9.5,2439,0.5308095871259624,0.382760252291082,0.734074268604043,0.5344416926225661
1052,a₀,10.5,3826,0.5428726482753025,0.38909643132861294,0.7395972000067597,0.5354841829259458
1052,a₀,11.5,4935,0.5490321598221931,0.38780219264757365,0.7531768077358757,0.5383842609263622
1052,a₀,12.5,2673,0.5300910348086915,0.38422873655525625,0.7175988911956633,0.5399088955554653
1052,a₀,13.5,2808,0.5192698839038944,0.38343611013715256,0.7228679177069562,0.5369725714825418
1052,a₀,14.5,2269,0.5427316197371597,0.3838092138187229,0.7525642448259799,0.528537978121811
1052,a₀,15.5,1995,0.537272129132453,0.38413891972402386,0.7514849051906201,0.516268795035797
1052,a₀,16.5,2292,0.5183019806636735,0.38730493840055574,0.6709823949566265,0.5035932235047101
1052,a₀,17.5,2026,0.5223549723571778,0.39522330118851945,0.6649403217745111,0.49372600477195383
1052,a₀,18.5,1924,0.4981582900746556,0.38271154929571416,0.6190590650999834,0.4878782441264074
1052,a₀,19.5,1686,0.4986541266016947,0.3815155209516584,0.6222809133255132,0.4847846867809561
1052,a₀,20.5,2081,0.5053494931273257,0.38139390961742653,0.656069439142415,0.4818120950443232
1052,a₀,21.5,1861,0.49535030110791556,0.3813616846985108,0.6496776547693914,0.476950378636806
1052,a₀,22.5,1195,0.4840373020043919,0.3807155093742769,0.5940405758249029,0.4704574188779607
1052,a₀,23.5,1579,0.4943000808419384,0.38024655928115914,0.6711006048349316,0.4650991061822244
1052,τ,0.5,1607,0.6620016499844965,0.5932543200734623,0.6913504393360108,0.5733312005042372
1052,τ,1.5,1555,0.6622732117477075,0.5904550381493334,0.6909458043379351,0.5675630449423418
1052,τ,2.5,2818,0.658301092682433,0.5869608975856504,0.6909082186818767,0.5516895571155005
1052,τ,3.5,3427,0.6516723096647551,0.5750979386691081,0.694951984197171,0.529303518700048
1052,τ,4.5,6703,0.643539216137996,0.5727593141310704,0.6954719280633042,0.5062180660054194
1052,τ,5.5,7141,0.622464707325071,0.5516582140202415,0.6915306183390362,0.48810868101669136
1052,τ,6.5,5283,0.5885380786091111,0.47664602240545223,0.6867120986493874,0.4787261368364177
1052,τ,7.5,2890,0.5652714874916007,0.4683430932596711,0.6813238713485982,0.47921627151660606
1052,τ,8.5,1381,0.6235534386414534,0.5450939432721148,0.6917362031931034,0.48823715110213245
1052,τ,9.5,2439,0.6356737660186135,0.5462433151523329,0.6943219359878134,0.5025259540055619
1052,τ,10.5,3826,0.6345449714761859,0.5613128558512044,0.6947412240338606,0.5178730997029233
1052,τ,11.5,4935,0.6482948555169195,0.5736424541182201,0.6969861519149408,0.530433462203647
1052,τ,12.5,2673,0.6391747469516215,0.5734528719066965,0.6923883953894182,0.5379126953352825
1052,τ,13.5,2808,0.6566679898619345,0.5813771154877719,0.6943809290830957,0.5400086779084122
1052,τ,14.5,2269,0.6535654548145239,0.5804330001321828,0.6970605664355314,0.5379492630659672
1052,τ,15.5,1995,0.650049562641876,0.5742542682908143,0.697075285496938,0.5336074486362999
1052,τ,16.5,2292,0.6328288468776689,0.5685628280600965,0.6893147942002541,0.5288255037254037
1052,τ,17.5,2026,0.6240785308414769,0.5613652106763818,0.6891090855019304,0.5252022843557344
1052,τ,18.5,1924,0.6328163208225344,0.570703850166905,0.6894389135084247,0.5241530717571722
1052,τ,19.5,1686,0.6327925192385838,0.5717344742426418,0.689112970863364,0.5268854921962695
1052,τ,20.5,2081,0.6386886895547214,0.573647340366756,0.6899282501134694,0.5340669981202704
1052,τ,21.5,1861,0.645907188633835,0.5743969074488053,0.6899919608688524,0.5452271631004576
1052,τ,22.5,1195,0.6411400449072072,0.5740450531445485,0.6893374676035531,0.5581992652871336
1052,τ,23.5,1579,0.6597963714032861,0.5921122609000831,0.6915573039916103,0.5691000105408963
1054,B,0.5,1063,2.055634816602167,1.7081102572483795,2.425121188227341,2.1896836180596777
1054,B,1.5,631,2.0287659261905606,1.7082260036160248,2.4277149587767686,2.1889874470525843
1054,B,2.5,600,2.056452229511839,1.7104753774436414,2.4276323175960903,2.1790628975904074
1054,B,3.5,858,2.0619635289474845,1.7058373112444238,2.4283605648753968,2.177844614805358
1054,B,4.5,1844,2.0589484450544906,1.7076564838436887,2.4273309054322585,2.198672041674206
1054,B,5.5,3363,2.052856150014786,1.7074865872671483,2.424996751227975,2.2418141203510524
1054,B,6.5,3023,2.047327857639862,1.7044056304539443,2.427963932763853,2.2933469178444565
1054,B,7.5,1558,2.052276106485945,1.7043990366446198,2.428780652721979,2.3322024637281626
1054,B,8.5,1410,2.114832560070799,1.7140813245400983,2.429068325612179,2.3430086293564356
1054,B,9.5,1321,2.0772770596048877,1.7074662092971162,2.4284181071560167,2.326793888366615
1054,B,10.5,1318,2.0884780398781904,1.7104047650337058,2.426720638198604,2.30077201483944
1054,B,11.5,1289,2.024349306407766,1.7044800269380596,2.4223723568930797,2.287173921575978
1054,B,12.5,1828,2.0273089167124256,1.7063686576324608,2.423467878774371,2.2996782251437273
1054,B,13.5,1577,2.018848748190961,1.7133102790463077,2.4199399960644064,2.335147389678807
1054,B,14.5,1063,2.026862924341736,1.708324705533765,2.426095857269183,2.3737054868936425
1054,B,15.5,1615,2.067770099078014,1.7116812258781893,2.4261666010171528,2.388150246334202
1054,B,16.5,1700,2.053200076663652,1.714141578637506,2.4208768608520606,2.360108709427791
1054,B,17.5,2367,1.997885337684927,1.707729580246922,2.413025954904075,2.292850147445248
1054,B,18.5,2239,1.9776426496439339,1.7072905362409923,2.3918814759980225,2.209888743074548
1054,B,19.5,2090,1.9434197807620457,1.700678920487959,2.383725420289225,2.140744266762735
1054,B,20.5,2441,1.9958694237626735,1.706699811618313,2.4189112506389874,2.105804842633854
1054,B,21.5,2148,1.9297498119763357,1.6934142794986964,2.370130104962291,2.1088328445224724
1054,B,22.5,1935,1.9508510536819479,1.7009380837456798,2.3837500701689205,2.137580899993762
1054,B,23.5,1638,1.9994512054618576,1.7073881039945102,2.421064152934891,2.1707716717040237
1054,v,0.5,1063,0.5707297672308554,0.5021185684996717,0.6165234063751489,0.5032258944444566
1054,v,1.5,631,0.5680645147982392,0.5014556503238141,0.6165018144408738,0.46703141590308717
1054,v,2.5,600,0.5695373099372005,0.501595527868467,0.6164990623587421,0.45806118563130416
1054,v,3.5,858,0.56550409497123,0.5013744855161324,0.6167313552767121,0.4669615273586149
1054,v,4.5,1844,0.5685659174619058,0.5015743162139698,0.6167181684555881,0.4744661857754627
1054,v,5.5,3363,0.5684136973885542,0.5019202032218559,0.6167501619961376,0.46107318329442143
1054,v,6.5,3023,0.5703363983631149,0.5014556927007179,0.6170012973759869,0.4227308322841385
1054,v,7.5,1558,0.5701777052629916,0.5013344314208135,0.616854066877758,0.37525879078838553
1054,v,8.5,1410,0.5486755452067962,0.5012521674015228,0.6161589229328013,0.3405542484872538
1054,v,9.5,1321,0.5605210362201892,0.5013861783840773,0.6167710330558761,0.33366244214758867
1054,v,10.5,1318,0.5611616174146418,0.5016814744942456,0.6162617103609876,0.36175554116007447
1054,v,11.5,1289,0.5763773396511837,0.5026767877591863,0.6170423631734103,0.4255087970536108
1054,v,12.5,1828,0.5712166508509373,0.5018311380380285,0.6166464414829032,0.5138129895223855
1054,v,13.5,1577,0.5661653553571123,0.501944047367707,0.6161512459610035,0.5981813718210999
1054,v,14.5,1063,0.5729476885453625,0.501707153439125,0.6165314657620343,0.6455503732722082
1054,v,15.5,1615,0.5653249662609902,0.5017167537856658,0.6160032339903814,0.6466947803936238
1054,v,16.5,1700,0.5713699241260617,0.5033079186860088,0.6164049475853843,0.6236036784964991
1054,v,17.5,2367,0.582438319842886,0.5046696418676316,0.6167937099477083,0.6065407421084964
1054,v,18.5,2239,0.5817747809664386,0.5071812213803695,0.6167848436660072,0.6123852843795882
1054,v,19.5,2090,0.592118576221762,0.5272560887188907,0.6171960895812543,0.6384793798812731
1054,v,20.5,2441,0.5797415920260414,0.5027626036775196,0.6166887318967921,0.664686408604115
1054,v,21.5,2148,0.5926083837216802,0.5341213430374014,0.617617974714361,0.6643071852100656
1054,v,22.5,1935,0.5894322169866019,0.5156097629694956,0.6172832611749044,0.6253564066507726
1054,v,23.5,1638,0.5812173238235555,0.5031541530187875,0.6168880646762293,0.5624945841088951
1054,a₀,0.5,1063,0.5564001645271727,0.5354736963200015,0.5888520242491714,0.5330618223330479
1054,a₀,1.5,631,0.5496288296322002,0.535302938206957,0.5891265403924758,0.5490436069503168
1054,a₀,2.5,600,0.5570057043974115,0.5354886729746375,0.589092725195334,0.562443565264252
1054,a₀,3.5,858,0.5545601245474843,0.5352779173498193,0.5891552799862199,0.5697176687588642
1054,a₀,4.5,1844,0.5549796692418826,0.535227398256211,0.5890866640907377,0.5698314602808099
1054,a₀,5.5,3363,0.5526411183417228,0.5352655782231762,0.588853025175872,0.5642183092194322
1054,a₀,6.5,3023,0.5518420928361557,0.5351372042165874,0.5891070584258705,0.5556592484638742
1054,a₀,7.5,1558,0.5527964059135451,0.5351345214614517,0.5891964122889117,0.5467443457331004
1054,a₀,8.5,1410,0.5493163894129992,0.5350061829947459,0.5892098812295656,0.5387466400353277
1054,a₀,9.5,1321,0.5534755083552974,0.535165829465271,0.5891637152934931,0.5315145894655265
1054,a₀,10.5,1318,0.5581464098417176,0.5355270233539245,0.5889991788319202,0.5243309090075162
1054,a₀,11.5,1289,0.5537328705826596,0.5352434525057002,0.5885682910308304,0.5170577204472141
1054,a₀,12.5,1828,0.5493809123603591,0.535220407369239,0.5886601630351007,0.5107341584402703
1054,a₀,13.5,1577,0.5419470054286031,0.5350403405474476,0.5882200813148769,0.5071767143385569
1054,a₀,14.5,1063,0.5502111918795368,0.5351685140687603,0.5889582290784359,0.5078052842561576
1054,a₀,15.5,1615,0.5534644204086921,0.5353274241112285,0.5889446787215675,0.5124586846386692
1054,a₀,16.5,1700,0.5560800200861666,0.5354953858216362,0.5882905352763985,0.5190244753540393
1054,a₀,17.5,2367,0.5503406638412452,0.5353112258611391,0.587590495408028,0.5242563689909567
1054,a₀,18.5,2239,0.5444623141078141,0.5352187755093679,0.5845648546657761,0.52542781917454
1054,a₀,19.5,2090,0.5451056372016915,0.5351599786294226,0.5759701238018184,0.5219122911250703
1054,a₀,20.5,2441,0.5471172259813825,0.5352536536718198,0.58724434983608,0.5157796778783292
1054,a₀,21.5,2148,0.5434238324441634,0.5349818026768607,0.5712951200922612,0.5109923040133624
1054,a₀,22.5,1935,0.5443731356557858,0.5350958544068517,0.5800708725839558,0.5115098705720895
1054,a₀,23.5,1638,0.5514377822473757,0.5353007415270462,0.5883525956491867,0.5192623310845186
1054,τ,0.5,1063,0.6656873757110752,0.5817677468808312,0.7573716107348183,0.576894161642162
1054,τ,1.5,631,0.6574510235971464,0.5956057189848912,0.7579257489996372,0.5959434425829273
1054,τ,2.5,600,0.6698474378293436,0.5889714790267659,0.7579972727504919,0.605078770006719
1054,τ,3.5,858,0.666180314137166,0.5927501614638466,0.7581421435996782,0.5926496693388686
1054,τ,4.5,1844,0.6631665178242745,0.5760887111565709,0.7579397452745205,0.5586534673243515
1054,τ,5.5,3363,0.6574751062052961,0.5694085666302586,0.757396158910939,0.5155790253430875
1054,τ,6.5,3023,0.6532387672642729,0.550723875465928,0.7579272832737558,0.4793956030184216
1054,τ,7.5,1558,0.654920807902458,0.5531500370818867,0.7581782281567983,0.46058287247177643
1054,τ,8.5,1410,0.6562501325929693,0.5557845252757989,0.7582115760913275,0.4611639125620894
1054,τ,9.5,1321,0.6651114536117753,0.5834635508272579,0.7581132425762426,0.4753436101173355
1054,τ,10.5,1318,0.6762527256422645,0.6014125097849323,0.7576960015309043,0.4916054913535678
1054,τ,11.5,1289,0.6585618241392567,0.5725712517139353,0.7567295384689854,0.49789149290779317
1054,τ,12.5,1828,0.6511330771453739,0.5706713618184197,0.7567622201198059,0.48928731224738164
1054,τ,13.5,1577,0.6370744879113939,0.5614066231549685,0.7557622858088301,0.4715906981767428
1054,τ,14.5,1063,0.6510702007694612,0.5659945410211686,0.7574841280886765,0.4566482610677543
1054,τ,15.5,1615,0.6599800134296843,0.5750914924014074,0.7575139247282092,0.4546832297313716
1054,τ,16.5,1700,0.6643341420744925,0.5863349021960145,0.7554223270565453,0.4697693174750134
1054,τ,17.5,2367,0.6458928014615479,0.5608796923149593,0.7540208621698439,0.49858015302989184
1054,τ,18.5,2239,0.6342524796317223,0.5607120384125901,0.745803620264034,0.5311692157495992
1054,τ,19.5,2090,0.6315996004075244,0.5493074569931736,0.7217445927038413,0.5552761010088187
1054,τ,20.5,2441,0.6400526362966481,0.5586310151052447,0.7527796881013537,0.5640764947668375
1054,τ,21.5,2148,0.6303703740649491,0.5532514296003788,0.7090029746412096,0.5611415129301895
1054,τ,22.5,1935,0.6308349556621916,0.5449714988583187,0.7339645889436015,0.5571128423634426
1054,τ,23.5,1638,0.6515949248254004,0.5681154452026477,0.7560254210469916,0.5615935458691773
1059,B,0.5,557,1.9898580890440798,1.828473861400239,2.25145630509797,2.303939248366815
1059,B,1.5,611,1.9884808092652344,1.8344324502873994,2.260560274519462,2.3181398215076086
1059,B,2.5,883,2.0262654870681067,1.8259052391928916,2.2605741922287743,2.322843065545021
1059,B,3.5,790,2.0581889926505315,1.864749453447052,2.2688276488240744,2.316110615076107
1059,B,4.5,993,1.9357661449060977,1.8188175126336554,2.2220698020237823,2.299422350198176
1059,B,5.5,1351,1.8842120743425326,1.782136759614141,1.997093670466459,2.2772342224113866
1059,B,6.5,1033,1.8675644126393218,1.7751458620278546,1.9956031247341062,2.2556388200242075
1059,B,7.5,604,1.8590313100947389,1.7914972253204586,1.9229083888527703,2.240651177569914
1059,B,8.5,203,1.907261094476394,1.8145479856936146,2.14920179861572,2.236663139362273
1059,B,9.5,204,1.974802755280071,1.8267522528143905,2.252891605243303,2.245400097590334
1059,B,10.5,274,1.943906711269285,1.840738750204188,2.1122937938656565,2.265496541743518
1059,B,11.5,369,2.0054712803533867,1.8779481496121235,2.255304251980031,2.2927167985590673
1059,B,12.5,624,1.994155890119464,1.836225421728312,2.2551728330712986,2.3208381369441486
1059,B,13.5,343,1.9859742681814239,1.86596268091741,2.233209225107273,2.3431386854335705
1059,B,14.5,315,2.054416098003848,1.877598021416594,2.26284406702397,2.354210616552513
1059,B,15.5,706,2.0038793867559312,1.8603644506652672,2.2294358179748217,2.3515532894047118
1059,B,16.5,686,1.9763582360556333,1.8370115995853635,2.2553921382125814,2.336333763343884
1059,B,17.5,1300,1.9335481483276902,1.8322477522580543,2.142902939722742,2.312986640214475
1059,B,18.5,1086,1.9284199452764264,1.8275671263331115,2.110863888527166,2.2878271845390334
1059,B,19.5,833,1.9457369316023052,1.8365953722110429,2.170364905602126,2.267236261187443
1059,B,20.5,720,1.9731421163227323,1.8456227077385468,2.2384557542055594,2.25601970279551
1059,B,21.5,1011,1.9444077020889619,1.8273405363058801,2.1423010477452844,2.2563205184769908
1059,B,22.5,756,1.9568945472766481,1.8260107590174035,2.2014382452447556,2.2672093021070414
1059,B,23.5,916,1.9955195129340473,1.8307078724354324,2.257075091713812,2.2849537440903855
1059,v,0.5,557,0.602313430188844,0.49137412918551593,0.6920979103081666,0.5415428993947725
1059,v,1.5,611,0.6021612445682815,0.4884561027778141,0.6945663910690347,0.5098049953356261
1059,v,2.5,883,0.5789877455991785,0.4876089218284795,0.6887159035099724,0.48166989423098727
1059,v,3.5,790,0.581864046851574,0.4841268808574741,0.6959369357129406,0.4587106086028043
1059,v,4.5,993,0.5944171939667878,0.4851660684094932,0.6983865631177577,0.4419806506096173
1059,v,5.5,1351,0.5840432476709954,0.45431823649088615,0.6973202612309962,0.4320907108598437
1059,v,6.5,1033,0.5631282164334448,0.431827784815512,0.6765791558782301,0.4293061014801173
1059,v,7.5,604,0.5723680274909058,0.47213454425483875,0.6812810671413941,0.43362458761554235
1059,v,8.5,203,0.5838956205170724,0.4948185011051057,0.6787833357227769,0.44481235374217043
1059,v,9.5,204,0.5962607739061268,0.48773158122513693,0.6864296629281077,0.4623942873016591
1059,v,10.5,274,0.6310929809341803,0.5283620019757672,0.6955366305295618,0.485609963706672
1059,v,11.5,369,0.620411167973487,0.4893163560774069,0.699606752229277,0.5133575609432032
1059,v,12.5,624,0.6084155960071684,0.49142060298243506,0.6914823916081457,0.5441536251693467
1059,v,13.5,343,0.6313726085060806,0.5040748447606656,0.6985349490473732,0.5761361454042213
1059,v,14.5,315,0.5944351681963218,0.4875052654965343,0.6897802074731865,0.6071315513831204
1059,v,15.5,706,0.6121351226730709,0.5039159422281234,0.6986891020286028,0.6347945223070052
1059,v,16.5,686,0.6207854419482055,0.4904752894934745,0.6993733378247484,0.65681548024712
1059,v,17.5,1300,0.6305374176781247,0.5316729547503514,0.6989072793017819,0.6711761871681031
1059,v,18.5,1086,0.6374973720344522,0.5524415333589687,0.6989846623002243,0.6764193062781705
1059,v,19.5,833,0.6310051801122919,0.5313911193833827,0.7004730032465063,0.6718840619135821
1059,v,20.5,720,0.6196421623409026,0.4975190272455238,0.6940278367850918,0.6578521562001904
1059,v,21.5,1011,0.6258871990188165,0.5376933070047748,0.6963999308768122,0.6355548446692816
1059,v,22.5,756,0.6122268709967652,0.504356575926631,0.6958595718603041,0.6070203103267015
1059,v,23.5,916,0.6083947627855448,0.489040430098676,0.6969092217831514,0.5747857806481141
1059,a₀,0.5,557,0.401094979227268,0.3654317066156988,0.4203505954758586,0.4133809377399142
1059,a₀,1.5,611,0.3980514421153169,0.3658277031886655,0.4207280402277119,0.4082630214935571
1059,a₀,2.5,883,0.3991491801394499,0.35693087268112855,0.4207271756040518,0.40185597046812144
1059,a₀,3.5,790,0.40763992958596684,0.3852729020531831,0.42104103364217643,0.3943149330032905
1059,a₀,4.5,993,0.39321381038729397,0.35625398758058796,0.4191611715552194,0.3865415304347932
1059,a₀,5.5,1351,0.38843152972645734,0.35555584030551807,0.408649976450363,0.37999670059826574
1059,a₀,6.5,1033,0.37698328332894493,0.35340660326934215,0.40864997645036183,0.37633867299733026
1059,a₀,7.5,604,0.3761254672140003,0.3529262421796386,0.4081044120680174,0.37700325833395115
1059,a₀,8.5,203,0.38351923645452723,0.35353468948144984,0.4156922929676882,0.3828329345456885
1059,a₀,9.5,204,0.3953355025424086,0.3604696214501666,0.42041558530699685,0.3938133412898392
1059,a₀,10.5,274,0.39735470286133806,0.36669333009403077,0.41457083017941065,0.4089525148053911
1059,a₀,11.5,369,0.40703678754772965,0.39472044142364526,0.4204878169662385,0.4263562652723549
1059,a₀,12.5,624,0.40004408877605035,0.36613780621610087,0.4205159574171784,0.443549736420492
1059,a₀,13.5,343,0.4045424954121066,0.3845929673341742,0.4195812751847138,0.4580085837542658
1059,a₀,14.5,315,0.40896090039423494,0.3937085162904795,0.42080425896252716,0.4677401166136636
1059,a₀,15.5,706,0.4047957446418055,0.38227923948497866,0.4195238290422852,0.47171519422787284
1059,a₀,16.5,686,0.40037708032519304,0.3659510634608111,0.4204589999695725,0.4700301399262431
1059,a₀,17.5,1300,0.3975079170632729,0.36465229535757543,0.4158501304910399,0.4637862796249713
1059,a₀,18.5,1086,0.39558679181538847,0.36031659458397747,0.4147885294503607,0.45474038826183616
1059,a₀,19.5,833,0.3976877803285062,0.3637486094660644,0.4170119506073456,0.44481892795329303
1059,a₀,20.5,720,0.4000216786767109,0.37078218187240997,0.4198291593731667,0.43562690483418093
1059,a₀,21.5,1011,0.39498831094908415,0.35835593632328105,0.41616442414703475,0.4280905264946852
1059,a₀,22.5,756,0.3980175549335827,0.35822226982051475,0.4184087667151518,0.42232568705061563
1059,a₀,23.5,916,0.40018254869639663,0.3621312766687823,0.420597076608501,0.4177485020466936
1059,τ,0.5,557,0.9529782754006122,0.803507009206615,1.0812894364920258,0.7664112542553154
1059,τ,1.5,611,0.9478219382810645,0.8166671315369803,1.0848658246752139,0.7577044851992321
1059,τ,2.5,883,0.9615430266380437,0.797799404225916,1.084870935526359,0.7352952147655268
1059,τ,3.5,790,0.9911239204401002,0.8756766751263642,1.0880574708306197,0.704305767697068
1059,τ,4.5,993,0.9113139640261912,0.7888199021325647,1.0693737878503515,0.672255858630827
1059,τ,5.5,1351,0.8746563876047894,0.7492312188189139,0.9765765002801707,0.6465346594551479
1059,τ,6.5,1033,0.8429817783280651,0.74108229758677,0.9677214198601223,0.6326586033248046
1059,τ,7.5,604,0.8402592763477238,0.758996498520402,0.9486683195139303,0.6336011294043484
1059,τ,8.5,203,0.8793476198184721,0.7859905202666332,1.0398607407773643,0.6496918436658727
1059,τ,9.5,204,0.9350149689588875,0.7987406741421919,1.081833484956895,0.6785414735469892
1059,τ,10.5,274,0.9330010683527526,0.8258955414169331,1.0253810433280304,0.7149492051731461
1059,τ,11.5,369,0.9752743386680782,0.9081391131945911,1.0827840565439746,0.7513205938572332
1059,τ,12.5,624,0.9555828199369188,0.8211861827523687,1.0827990891929944,0.7792489155438285
1059,τ,13.5,343,0.9650936799313027,0.882535507519693,1.0741187206696134,0.7922118023378425
1059,τ,14.5,315,0.9950435465822458,0.9082345229582532,1.0857318106562501,0.7881560597925573
1059,τ,15.5,706,0.9686170329115269,0.8686185275224956,1.0728731648229366,0.7703109087551336
1059,τ,16.5,686,0.9508057426366348,0.8212189954038466,1.082564206325502,0.7456627097830476
1059,τ,17.5,1300,0.9277267071405908,0.8144365299997186,1.038183397638489,0.7221633718278776
1059,τ,18.5,1086,0.9244998799067189,0.8049432822695213,1.026510831371001,0.7062765477309603
1059,τ,19.5,833,0.9343953607408061,0.820803998988986,1.0490916410672497,0.7016575049518876
1059,τ,20.5,720,0.9482806023870435,0.8389144467954303,1.0762176057814705,0.7087627924427965
1059,τ,21.5,1011,0.9282018268544423,0.8024418328935407,1.0389494475917773,0.7249008234720046
1059,τ,22.5,756,0.9347072081677649,0.7969587405845214,1.061985773165458,0.7446120765479134
1059,τ,23.5,916,0.9564770194526448,0.8118086309343675,1.083522714932968,0.7607285612105213
1060,B,0.5,708,2.104270134255186,1.7760347346425098,2.6373632840518586,2.318437858968909
1060,B,1.5,637,1.9772301151721072,1.7180313226630068,2.599888104466127,2.295378998891412
1060,B,2.5,1470,2.012994165815509,1.6464856361651408,2.632604488861692,2.315025741873411
1060,B,3.5,2425,2.0467335056137985,1.5642137370706857,2.6469441953724537,2.347101390297978
1060,B,4.5,4623,2.1156816206683486,1.5997272241658733,2.651478535005812,2.3499200517961416
1060,B,5.5,5412,1.999675897727637,1.5276595550168954,2.6397580170868147,2.2968935852491112
1060,B,6.5,4938,1.8455569055065528,1.4380417261579241,2.563738307685201,2.198227006555085
1060,B,7.5,2783,1.7760261898847933,1.4250116690489847,2.3855900460992534,2.0965910802831838
1060,B,8.5,662,1.8354146653836259,1.4578395529188468,2.4472278911653413,2.0416772909544534
1060,B,9.5,672,1.8819067169950252,1.4763414998943318,2.5068202285926584,2.0676997744700025
1060,B,10.5,1523,2.03583840125352,1.4935166337581691,2.644863556344255,2.1835539015905185
1060,B,11.5,2245,2.060701518484445,1.710468292325764,2.634673286720534,2.3683852982030245
1060,B,12.5,2441,2.260664144710635,1.769627269507958,2.654717684117616,2.571299175112836
1060,B,13.5,1714,2.1848959825265872,1.7647351947634151,2.652533229437278,2.7275447601361136
1060,B,14.5,2116,2.376009060967182,1.8034041462683872,2.656516896903602,2.794093544262704
1060,B,15.5,2381,2.4296994256462217,1.8275049421321676,2.656760449896398,2.7767110017127434
1060,B,16.5,2618,2.3464889073017554,1.8031822067163168,2.6557015994616364,2.7195399298283043
1060,B,17.5,3540,2.319403222579796,1.8057015691908593,2.655321970815343,2.669286547300992
1060,B,18.5,2982,2.19601126935785,1.7441991476563352,2.6546703820946167,2.647153054392689
1060,B,19.5,2240,2.2814234606972685,1.7782720893778705,2.6551061317534823,2.642771641991287
1060,B,20.5,2601,2.2801995629127183,1.7645477550843205,2.6554849294288134,2.626732195774885
1060,B,21.5,2115,2.254031868685378,1.799868926475338,2.6543628040607543,2.5742436482430704
1060,B,22.5,1875,2.3730136333337635,1.812296861662424,2.655230987021218,2.4859203984269582
1060,B,23.5,2128,2.246809409098343,1.7941506885000642,2.6513710092995866,2.3889729527620447
1060,v,0.5,708,0.5809471791795682,0.5223078699833144,0.659932306954795,0.507216520476514
1060,v,1.5,637,0.5630085607697936,0.5166164784594763,0.6478487546302274,0.47057219436644443
1060,v,2.5,1470,0.5626135145326379,0.4815049223753845,0.6579301002002553,0.4493301661115303
1060,v,3.5,2425,0.565954702070707,0.45688879952984973,0.6611248326387704,0.43909615322060175
1060,v,4.5,4623,0.5706327351058201,0.4497752423363679,0.6616674193675958,0.4312998249969921
1060,v,5.5,5412,0.5465787203719774,0.4465739845396915,0.6575246161296427,0.4186955301902495
1060,v,6.5,4938,0.5050742606989863,0.4339806228214427,0.6199602154771061,0.4006595099609055
1060,v,7.5,2783,0.47427111459853594,0.41402660457202367,0.5567812078060228,0.3840246168411924
1060,v,8.5,662,0.5032011028451109,0.4343366912240987,0.5734625639296838,0.3788281195231263
1060,v,9.5,672,0.5232860000532774,0.4442948879471663,0.6328968360636925,0.3935219452503709
1060,v,10.5,1523,0.5586119829070598,0.44827446318566805,0.6602164023659811,0.4322377561630705
1060,v,11.5,2245,0.5700842510613434,0.4932747089263187,0.6588384270339126,0.4921970148292959
1060,v,12.5,2441,0.6007567882566386,0.5228849566351694,0.6624395006946293,0.5606588268483957
1060,v,13.5,1714,0.5903892292479216,0.5147831434838913,0.6621599785926289,0.6168507219154054
1060,v,14.5,2116,0.6182427072206423,0.5439810984796278,0.6626950783062624,0.643901876644524
1060,v,15.5,2381,0.6288851666409729,0.5503020356485762,0.6627500423068076,0.6418742915009964
1060,v,16.5,2618,0.613617963885022,0.5374078101671409,0.6625754502662513,0.6265391228055922
1060,v,17.5,3540,0.6104745983936771,0.5430675056158961,0.6625517385854739,0.615941142724984
1060,v,18.5,2982,0.5906358844268856,0.5060440898127574,0.6624230050567772,0.6191573288652297
1060,v,19.5,2240,0.6047130665053925,0.5245084511057606,0.6625113637965616,0.6328534098467082
1060,v,20.5,2601,0.6023677326812731,0.5056552615171179,0.6625611426715612,0.6436370750969598
1060,v,21.5,2115,0.6030530517444348,0.538338858173445,0.6624097192164227,0.6360480969361179
1060,v,22.5,1875,0.6199318930551483,0.5491499503020439,0.6625401201308588,0.6039741499066179
1060,v,23.5,2128,0.6026976557354585,0.5367087223532384,0.6620103399687887,0.5557660499012661
1060,a₀,0.5,708,0.41452081856950607,0.3979574660347355,0.4401661172308153,0.41978675716476394
1060,a₀,1.5,637,0.40873197757763974,0.397267552847721,0.43654997132799134,0.42983490731120083
1060,a₀,2.5,1470,0.40973604245215645,0.392306437295601,0.4396509463207947,0.43725480944489403
1060,a₀,3.5,2425,0.411533538296482,0.38884033464041423,0.4405859854773576,0.4377888705110615
1060,a₀,4.5,4623,0.41326774289316237,0.3881967042977883,0.44078023194496785,0.4309486456208667
1060,a₀,5.5,5412,0.4066701012588853,0.3877335185821925,0.4393847252079386,0.4203558373714044
1060,a₀,6.5,4938,0.3976204956327214,0.38426721770126443,0.42662578637539494,0.4116908937683012
1060,a₀,7.5,2783,0.3910840575608709,0.37942082265456223,0.4044603051813068,0.4095531451102841
1060,a₀,8.5,662,0.3961049005088227,0.3841698223380552,0.41069988807957214,0.4151067079585038
1060,a₀,9.5,672,0.4010037359887045,0.38709529810673665,0.4307378018669092,0.42561942161210237
1060,a₀,10.5,1523,0.41015182705698183,0.38802003545377856,0.44029969476411895,0.4360027579669093
1060,a₀,11.5,2245,0.4117398953446027,0.3936292154257133,0.4398231204684053,0.4416462211779057
1060,a₀,12.5,2441,0.4215509865734041,0.3980970579099349,0.4410488626574655,0.4409620008967326
1060,a₀,13.5,1714,0.41800562515598005,0.39694396247473535,0.4409482131556466,0.43604261653166815
1060,a₀,14.5,2116,0.4268450812431162,0.4011921576094756,0.44113681047913644,0.4310740762737117
1060,a₀,15.5,2381,0.4300232603630877,0.40217404177066934,0.4411564355672107,0.42959723658629184
1060,a₀,16.5,2618,0.42558207235572965,0.4004016485273767,0.4410959241870369,0.4323397066005533
1060,a₀,17.5,3540,0.42428058886552794,0.4011068717156167,0.4410856065661905,0.4368444345126942
1060,a₀,18.5,2982,0.41842096311944965,0.39594034222418223,0.4410422478383475,0.4390663172533381
1060,a₀,19.5,2240,0.42270897468750024,0.39832142819430316,0.4410711282187111,0.4360366248516516
1060,a₀,20.5,2601,0.4223554791442271,0.3957715748305268,0.441089079265707,0.42796357930213913
1060,a₀,21.5,2115,0.42165134367818885,0.400458295723251,0.4410381706275606,0.41837261347037674
1060,a₀,22.5,1875,0.4272356862289272,0.40184897866721225,0.4410823254441293,0.41213523008144537
1060,a₀,23.5,2128,0.42158403243003956,0.40005167224256366,0.4409031301898141,0.4126395355906601
1060,τ,0.5,708,0.7478158666851732,0.6797580732237516,0.8309478273098156,0.6083245280550307
1060,τ,1.5,637,0.7298778174480894,0.6758168641634041,0.8187354172501216,0.5861064459259323
1060,τ,2.5,1470,0.7254264525575101,0.629329955304373,0.8287949307096121,0.5534440667067153
1060,τ,3.5,2425,0.7282233771429634,0.6004725791902561,0.8320754010778606,0.5154478574495988
1060,τ,4.5,4623,0.7281269300569063,0.5962539833793058,0.8326074131164694,0.4774809254576788
1060,τ,5.5,5412,0.6978336267420922,0.5900403145506621,0.8284070230491098,0.44468808247787545
1060,τ,6.5,4938,0.641917472147432,0.5411792434555118,0.7893326635689089,0.42159854406740355
1060,τ,7.5,2783,0.5943167509764785,0.48001096863509685,0.7287395153014924,0.4116943574825522
1060,τ,8.5,662,0.6384945505525869,0.5417211406403787,0.7462519998082817,0.4169861413317707
1060,τ,9.5,672,0.6701449201759226,0.5780514626326747,0.8035401520502322,0.43742307816310105
1060,τ,10.5,1523,0.7162910052116304,0.5949518073267579,0.8310480029350888,0.46992175330815095
1060,τ,11.5,2245,0.7331341071933529,0.6408671290385126,0.8296841505895856,0.5074993039550538
1060,τ,12.5,2441,0.7661318459308751,0.6824173752960097,0.8334014570896372,0.540106677911476
1060,τ,13.5,1714,0.7558519706955779,0.6719134990540503,0.8331181459032773,0.5584750307189701
1060,τ,14.5,2116,0.7843889355370431,0.7130216630436554,0.8336664688175353,0.5592617768357186
1060,τ,15.5,2381,0.7977742209860982,0.723418341803281,0.8337149679546338,0.5470976379966211
1060,τ,16.5,2618,0.7795882623058079,0.6990095277779996,0.8335422840498063,0.5315474285363975
1060,τ,17.5,3540,0.7767752460401672,0.7117962470548282,0.8335261788541428,0.5219607887432645
1060,τ,18.5,2982,0.7551872316767433,0.6558337120842959,0.8333855343442877,0.5240034196751414
1060,τ,19.5,2240,0.7709663833221829,0.6855175101853069,0.8334796177363174,0.5386329600937549
1060,τ,20.5,2601,0.7669440979953736,0.6562662231359192,0.8335333634960145,0.5623900172972722
1060,τ,21.5,2115,0.7708742340459285,0.7052482077623241,0.8333720007571432,0.5884327385885159
1060,τ,22.5,1875,0.787997926415775,0.722221423527897,0.8335015809752511,0.6085895634167228
1060,τ,23.5,2128,0.7712396972082247,0.7020571761905015,0.8330057019446842,0.6161965723374639
1062,B,0.5,1315,1.9736752679682337,1.4635582223270815,2.5682808984456167,2.0369845081760083
1062,B,1.5,1624,1.9254970140211205,1.464339020428106,2.5633448115714748,2.025683366145392
1062,B,2.5,1695,1.9526805172476989,1.4599431508414205,2.5043347314185387,2.0213548080909587
1062,B,3.5,2676,1.944715166979958,1.4731064944819314,2.4986543011208227,2.0173077208323456
1062,B,4.5,4978,1.9731378433967242,1.4742971527793847,2.525096070494447,2.001878454734561
1062,B,5.5,6604,1.908586368066128,1.44633246912259,2.525931216825975,1.966974907577401
1062,B,6.5,6224,1.8231058163956027,1.4429628063843627,2.4026154335667167,1.9161774505004865
1062,B,7.5,3728,1.8044188095500286,1.4456319541205847,2.4656597602865378,1.865858464394482
1062,B,8.5,1011,1.8427099198370154,1.4382788886237028,2.5676478099803965,1.8382193465793057
1062,B,9.5,1463,1.8033987071676718,1.4430928794591178,2.2444840015988934,1.8515177229109432
1062,B,10.5,2409,1.893249412100811,1.4541851445792306,2.469559166853951,1.9125289035659492
1062,B,11.5,2829,1.9644411972126619,1.4639665507857589,2.5746762627102897,2.012264970939903
1062,B,12.5,4489,1.9570357230918123,1.472427815444257,2.4184430001160795,2.125609459619082
1062,B,13.5,2462,1.9645065408509246,1.468097222935664,2.4111967397737137,2.2183114549624263
1062,B,14.5,3074,2.0176550635586263,1.5179222259211054,2.4194001376299585,2.262496108147903
1062,B,15.5,4154,2.060009257813827,1.575949714235017,2.5336501493559354,2.251966021935387
1062,B,16.5,4837,2.0207749982414356,1.494776455824346,2.492069955470157,2.204160641642977
1062,B,17.5,5798,1.9587391686437217,1.4699349429606796,2.3624180600699605,2.1471522330635473
1062,B,18.5,5856,1.9546933372938051,1.452086966204629,2.445270604720291,2.103471282208142
1062,B,19.5,7261,1.915253571556697,1.4503099448089598,2.354214046100032,2.0814727600733756
1062,B,20.5,6277,1.9157037956089618,1.4394726433242813,2.414924650272094,2.075944732756962
1062,B,21.5,5058,1.9826540901241365,1.474786627333811,2.490030084993035,2.074825871903828
1062,B,22.5,4889,2.019229859110473,1.503516958124508,2.5346238065749707,2.0680191524550144
1062,B,23.5,3676,2.007273268188111,1.4891615052720266,2.491643430000483,2.0535093688948307
1062,v,0.5,1315,0.7322312830516593,0.5262578590662004,0.8859215700331262,0.5580764827868591
1062,v,1.5,1624,0.7130358363689958,0.5034633793318144,0.8799090871788138,0.4849830442921861
1062,v,2.5,1695,0.7223630968453462,0.5277997114473447,0.8794771568544171,0.439128366290238
1062,v,3.5,2676,0.7271945831032178,0.5343787892513383,0.8811904610526372,0.41349671684805167
1062,v,4.5,4978,0.7184364494758306,0.5060241594939088,0.8879119981210823,0.3973023255069755
1062,v,5.5,6604,0.6976082314036645,0.49222805149694393,0.8785781173458893,0.3819806756020703
1062,v,6.5,6224,0.6598669000331199,0.4343529612107602,0.8449872498575832,0.36606095854198983
1062,v,7.5,3728,0.6061774184051144,0.32651685375151346,0.7791088360130234,0.35583470647450943
1062,v,8.5,1011,0.625012130950605,0.40049844482215485,0.7836611644573566,0.36150029621307
1062,v,9.5,1463,0.6906737882509922,0.4792201726487528,0.8780387981573248,0.39304107785856385
1062,v,10.5,2409,0.7064337012423457,0.5099619077317705,0.8787917663647102,0.4574853914034228
1062,v,11.5,2829,0.7185347628321802,0.5104836964717936,0.8838638314947498,0.5541378619894649
1062,v,12.5,4489,0.7639493620410982,0.5793935539417209,0.8912649845172522,0.6668060608842785
1062,v,13.5,2462,0.7720988415087529,0.5945525552675925,0.8916548195869884,0.7633054009334184
1062,v,14.5,3074,0.7859767764202771,0.5983087310077612,0.8939829431402653,0.8146673021722377
1062,v,15.5,4154,0.7674811259578194,0.5500006830090864,0.8922538362534156,0.8196750873242571
1062,v,16.5,4837,0.7630502149215529,0.56384891801004,0.8920473410838294,0.8039247514788904
1062,v,17.5,5798,0.7795689800226602,0.6040850239848423,0.8942040473438749,0.7963527938629285
1062,v,18.5,5856,0.7611393112768562,0.5728536681852325,0.8909001073536063,0.8103437872990377
1062,v,19.5,7261,0.7630021134729865,0.5750752561739922,0.891587025354125,0.8379976184628947
1062,v,20.5,6277,0.7525922609374188,0.5663094777446431,0.8901699803310842,0.8535629284627333
1062,v,21.5,5058,0.7610281666852553,0.5548777668542638,0.8924071728371503,0.8286368382350793
1062,v,22.5,4889,0.7618401710360538,0.5458487854406608,0.8932378659974687,0.7554439408219689
1062,v,23.5,3676,0.7744964901574022,0.5752356406356021,0.8931151465066757,0.6548642082544562
1062,a₀,0.5,1315,0.5142298044556639,0.4251719061592438,0.7274812459227282,0.4801485144585921
1062,a₀,1.5,1624,0.5062428503161422,0.425350895565744,0.729562366543705,0.47714599173456307
1062,a₀,2.5,1695,0.5107521693349868,0.4258309496634028,0.7042411082526927,0.47407825845348633
1062,a₀,3.5,2676,0.5046987947609453,0.42528489076796916,0.6953990431972199,0.4711053140789228
1062,a₀,4.5,4978,0.5081738383962855,0.42376522958492224,0.7088983440328522,0.4676758801737846
1062,a₀,5.5,6604,0.5028144205509832,0.42361860087827313,0.7082665256800331,0.4631638669366536
1062,a₀,6.5,6224,0.4875372348908585,0.41975493031299377,0.6651428245375495,0.4576582039881053
1062,a₀,7.5,3728,0.48880476917974747,0.41122489129602674,0.7024815358884315,0.45234579246638557
1062,a₀,8.5,1011,0.5031721717657779,0.4183438993249407,0.7391165251734103,0.449162708113922
1062,a₀,9.5,1463,0.47398015874580474,0.4228030493634874,0.602529344789453,0.4498496693794315
1062,a₀,10.5,2409,0.49739852004496166,0.4242688646597414,0.6869583972305991,0.45492889019228966
1062,a₀,11.5,2829,0.5103820081211513,0.424477028324408,0.7281529022171482,0.46318510645563515
1062,a₀,12.5,4489,0.49307717218869535,0.42435288033034513,0.6593098695522902,0.4719990232624234
1062,a₀,13.5,2462,0.4944085633153014,0.4244891246851619,0.6596285524630513,0.4784582679899814
1062,a₀,14.5,3074,0.49322356250459093,0.42389746104390486,0.6552589830105888,0.48070650170680507
1062,a₀,15.5,4154,0.5099228454791765,0.42427689048685074,0.7134191577423339,0.4787987475466955
1062,a₀,16.5,4837,0.5051686882002664,0.42408950560243597,0.6901498367736068,0.474598744457186
1062,a₀,17.5,5798,0.48526508695861365,0.4234285199568545,0.6325445512199674,0.4707838926094165
1062,a₀,18.5,5856,0.49697138427096943,0.424489904677977,0.6730668643462071,0.46950048841951036
1062,a₀,19.5,7261,0.48647874741474034,0.4239868994316634,0.632016172515632,0.471382516496242
1062,a₀,20.5,6277,0.49341414587743204,0.42429094782045373,0.6632760481496361,0.47540840589051386
1062,a₀,21.5,5058,0.5010446688442242,0.4238674362436944,0.6949588380371301,0.4795986452019392
1062,a₀,22.5,4889,0.5080604708808345,0.423932575834622,0.7122923804364445,0.48212071442686444
1062,a₀,23.5,3676,0.5014589714499099,0.42403383628262586,0.6870251073172016,0.4821685222887254
1062,τ,0.5,1315,0.7599467483400292,0.6809762374270848,0.8332723354579834,0.6183650959127264
1062,τ,1.5,1624,0.7435231358776044,0.6590281458238597,0.8312452490113617,0.6111553433571294
1062,τ,2.5,1695,0.7521527631820731,0.6693527536549777,0.8273413486772373,0.5979522885296228
1062,τ,3.5,2676,0.7508199195016846,0.6685131095211125,0.8276054703761022,0.5805407912038675
1062,τ,4.5,4978,0.751456087763647,0.657584148540283,0.8304855707503482,0.5620959194492348
1062,τ,5.5,6604,0.7338028428048147,0.6334790001390165,0.8301054343679158,0.546319743441483
1062,τ,6.5,6224,0.7026279805662686,0.5701783792011691,0.8151587680001974,0.5364336805876052
1062,τ,7.5,3728,0.6784842603135679,0.524879769487735,0.8171904748148611,0.5343994696297878
1062,τ,8.5,1011,0.6964728207816901,0.5591332975296134,0.8294053441094379,0.5405006694605484
1062,τ,9.5,1463,0.7079393043156104,0.5936289439127215,0.8010633914715433,0.5532548507679769
1062,τ,10.5,2409,0.7336917662543359,0.6370273482083506,0.8244880061076272,0.5696715316552554
1062,τ,11.5,2829,0.7515590254705855,0.661873351120467,0.8346260599194231,0.5859531359309454
1062,τ,12.5,4489,0.7627196036237875,0.686084826551596,0.8201763830510597,0.5986044614943753
1062,τ,13.5,2462,0.7675020888455559,0.689795025536029,0.821125843114175,0.6055704379463899
1062,τ,14.5,3074,0.778263723985145,0.695775553294935,0.8228283237706625,0.6068205381519766
1062,τ,15.5,4154,0.7818077921329409,0.7002219072526781,0.8315424211971707,0.6040672526692143
1062,τ,16.5,4837,0.7739340231656473,0.6916624168152814,0.8284696768968883,0.5998567265758246
1062,τ,17.5,5798,0.7661954497364616,0.6898697749243491,0.8181641357684335,0.5965830870600046
1062,τ,18.5,5856,0.7629485593755403,0.6866708803384163,0.8235445761543128,0.595842124403358
1062,τ,19.5,7261,0.7552815701364242,0.6803883118945554,0.8164534333244834,0.5982047542347325
1062,τ,20.5,6277,0.7538618786911,0.6806300300171899,0.8202584858507792,0.6032663735157217
1062,τ,21.5,5058,0.7674639497079647,0.6882554777884891,0.8272017782393766,0.6098020703096444
1062,τ,22.5,4889,0.774495874994989,0.6924124292521243,0.8315936495883064,0.6159559791748588
1062,τ,23.5,3676,0.7758479890087232,0.6936316178672141,0.8281770705290556,0.6195144523391003
1064,B,0.5,1821,1.5192266501400336,1.293784751482709,1.7442167543220548,1.6809761859357346
1064,B,1.5,1243,1.5725953224741327,1.3005674235226552,1.7511238255832584,1.715330157007007
1064,B,2.5,1511,1.5926297437754016,1.301954513804915,1.7598924177952997,1.7674831890719724
1064,B,3.5,1719,1.6268086541557787,1.3324354408569157,1.7588292072081386,1.8111766617593825
1064,B,4.5,2588,1.6171089359562278,1.3173428941138827,1.7615194973989212,1.8239554780365246
1064,B,5.5,3310,1.5680231124749668,1.3030163032816022,1.7596634644597973,1.8016924707363955
1064,B,6.5,2011,1.5350816166595311,1.3028115157769138,1.7464987370394713,1.7618006643239947
1064,B,7.5,1445,1.5287370198316328,1.3041113608742165,1.7440659943998984,1.7319393585411913
1064,B,8.5,676,1.4919307023080743,1.3047583512142076,1.7387238262839204,1.734473665713677
1064,B,9.5,1473,1.5978449701682085,1.3177651278631362,1.7596821162363487,1.776583865122152
1064,B,10.5,2689,1.6179301240290922,1.3199208812288772,1.7610988472066305,1.8475345945160007
1064,B,11.5,2463,1.641150761831007,1.3235235513643346,1.7621897985424273,1.9224352966226141
1064,B,12.5,2714,1.6477613955471742,1.3462130404754018,1.7630078289907094,1.9735884797336996
1064,B,13.5,2953,1.6750602690824647,1.409521537960817,1.763186525099466,1.9859685970909218
1064,B,14.5,2461,1.6741278629338232,1.3887930894695801,1.763183728201322,1.9654955288423424
1064,B,15.5,3000,1.688423694798024,1.4574411574494,1.7629895355191934,1.9324114134775334
1064,B,16.5,2582,1.6694075978339153,1.3871165067498612,1.7629697998870475,1.906069525975921
1064,B,17.5,3688,1.672402165013002,1.3768320545815977,1.7632302416360044,1.8932302070442564
1064,B,18.5,5438,1.6322044277361956,1.3203582382708046,1.7626681775025894,1.8858738179858348
1064,B,19.5,6198,1.5966937282436073,1.305301459181448,1.7610664518230932,1.8682490978857291
1064,B,20.5,3165,1.6052162113678539,1.3167148872328913,1.7600762729313448,1.8293318695477816
1064,B,21.5,3867,1.5923269037079306,1.2999468261586804,1.759806402923803,1.7727252965607312
1064,B,22.5,4050,1.5847144284859513,1.298272928733528,1.761557154344258,1.7160977131478743
1064,B,23.5,3459,1.5572418073582681,1.293357378574682,1.7571428927184856,1.6809381830230277
1064,v,0.5,1821,0.8382620641367454,0.7191304592797684,0.9876899340501626,0.6938266263109261
1064,v,1.5,1243,0.8701583523283908,0.7203193730097132,1.0087822808583446,0.6799611431685213
1064,v,2.5,1511,0.8728375640851443,0.7140202913296728,1.005006177618334,0.6878000906871734
1064,v,3.5,1719,0.8916535969231111,0.7171997866779717,1.007945765147091,0.7060269557079736
1064,v,4.5,2588,0.8830105664719038,0.7182922017283278,0.9944122328333425,0.7164726303157347
1064,v,5.5,3310,0.8362033879980697,0.6677517387460266,0.991256618651761,0.7045032368936355
1064,v,6.5,2011,0.7839222591753657,0.5710875353330801,0.9878199978218829,0.6704472444373375
1064,v,7.5,1445,0.7386205064864748,0.5108161667240415,0.9609653953204749,0.6302324517308688
1064,v,8.5,676,0.7495617544884619,0.5763047546813049,0.9822680122214817,0.6044833515371699
1064,v,9.5,1473,0.8614696115025102,0.6854841148608677,0.9968012263927619,0.6082259982953361
1064,v,10.5,2689,0.8818199637532741,0.7104490443255689,1.0078864066604132,0.6472654371801826
1064,v,11.5,2463,0.9023079191885762,0.7196755486915303,1.0072959520527727,0.7167637829123438
1064,v,12.5,2714,0.9050122384218703,0.7233933667509532,0.9968199870789876,0.7992958158629023
1064,v,13.5,2953,0.9249548093701697,0.7586036372457119,1.005559674178666,0.8683029180486332
1064,v,14.5,2461,0.9254750326438583,0.748145128183123,1.0067261991593783,0.9024420032901443
1064,v,15.5,3000,0.9381338226274762,0.7987290592267633,1.008266861006272,0.9005217983905712
1064,v,16.5,2582,0.9251881096020427,0.7417942542108622,1.0079876174285862,0.8799579560844802
1064,v,17.5,3688,0.9199578842271406,0.7343835084889716,0.9940308459550573,0.8610248047131365
1064,v,18.5,5438,0.8957451950669333,0.7209815637040107,1.002373591228673,0.8534024521653563
1064,v,19.5,6198,0.8745139046633515,0.7149560102407329,1.0063431681911275,0.8527483358978891
1064,v,20.5,3165,0.8719128987989393,0.7029633334562733,1.0017176839240203,0.8456898624270557
1064,v,21.5,3867,0.8722928659833008,0.7174290269570429,0.998434167029872,0.8205338577340026
1064,v,22.5,4050,0.86875654741399,0.712979379668203,1.0041491799731397,0.7775584660428697
1064,v,23.5,3459,0.8543783677626922,0.7132257966978559,1.0057950981657497,0.7297973629291428
1064,a₀,0.5,1821,0.519723556149467,0.44736208606484584,0.616817550003217,0.49240273959725556
1064,a₀,1.5,1243,0.5268831117388912,0.42949710992073,0.6295565399119883,0.501049982449871
1064,a₀,2.5,1511,0.5211637821739794,0.4257976701714843,0.6283421620782192,0.5122191541339756
1064,a₀,3.5,1719,0.5169992093474824,0.4191818277258354,0.629535597628032,0.5245055020328585
1064,a₀,4.5,2588,0.5010100347356812,0.41873681007691443,0.6072913142729215,0.5365046094287234
1064,a₀,5.5,3310,0.5113195815245097,0.4201366447260599,0.6017714283228598,0.5469114270099346
1064,a₀,6.5,2011,0.5265135327066717,0.45459474604397954,0.6050725039710104,0.5545025692147787
1064,a₀,7.5,1445,0.5216202809067558,0.4452869449088055,0.5612927792423688,0.5581692268868711
1064,a₀,8.5,676,0.5310265339770391,0.5054450386605374,0.5944107991910336,0.5571176805666226
1064,a₀,9.5,1473,0.5199915087956355,0.4293308940485178,0.6147674571599404,0.5512096017807634
1064,a₀,10.5,2689,0.5195326529727687,0.4232237577827468,0.6291381769082369,0.5412706362895627
1064,a₀,11.5,2463,0.51346223988307,0.4181948798268447,0.6292781608209403,0.529130780482052
1064,a₀,12.5,2714,0.49669650588816855,0.41624879066224013,0.612976856915036,0.5172314132536366
1064,a₀,13.5,2953,0.48983321254659085,0.41637411235795063,0.6211416724790642,0.5078599803378157
1064,a₀,14.5,2461,0.49241198374028033,0.41630423550284207,0.6217245831342684,0.5023341949798316
1064,a₀,15.5,3000,0.5023014153539607,0.4166933065717573,0.6267795039237577,0.5005381822604378
1064,a₀,16.5,2582,0.5013109741223783,0.4166702227421355,0.6265811071437993,0.5010480506443922
1064,a₀,17.5,3688,0.4837922765396894,0.41589466222448923,0.6059659304182592,0.5018052322379016
1064,a₀,18.5,5438,0.501342433865161,0.41668708423678513,0.621207895285741,0.5010442653634778
1064,a₀,19.5,6198,0.5078194102930607,0.41873350698571515,0.6231233469423096,0.4980602376522273
1064,a₀,20.5,3165,0.5118650067059616,0.4188675684222085,0.6200349884342666,0.493481120879068
1064,a₀,21.5,3867,0.5041969022365543,0.42099731030803034,0.6176130246281988,0.4889533205164582
1064,a₀,22.5,4050,0.5113743757707346,0.4173756887891764,0.6250615761490751,0.4864255100054175
1064,a₀,23.5,3459,0.517424682863409,0.42619702043862395,0.6260584899363639,0.4873884706901171
1064,τ,0.5,1821,0.6659495330965767,0.6070405918435123,0.7434854218204286,0.5764878593845248
1064,τ,1.5,1243,0.680530846209281,0.6076713831982505,0.7559163767794864,0.5792507099957483
1064,τ,2.5,1511,0.6827054732446267,0.6014359318943704,0.7601651555128165,0.5688044697535131
1064,τ,3.5,1719,0.6940387771375763,0.6043603681947239,0.761191950811115,0.5474015159659664
1064,τ,4.5,2588,0.6946425811988409,0.6052098693065512,0.7624458526546767,0.5209174541063967
1064,τ,5.5,3310,0.6635206911364884,0.558455975452156,0.7609345884837824,0.4959646456762335
1064,τ,6.5,2011,0.6256699032784906,0.47394309062921913,0.7457901930026462,0.47762395683755093
1064,τ,7.5,1445,0.5974087467811054,0.4195587428195854,0.7447664963075449,0.46869016365808785
1064,τ,8.5,676,0.6044827498169222,0.47869446966562124,0.7258505112852915,0.46998714453761686
1064,τ,9.5,1473,0.6750359379533806,0.5746711237063494,0.7599142510451058,0.4809563341246951
1064,τ,10.5,2689,0.6872535039831431,0.5973115822886268,0.7614827423212915,0.5000228142605179
1064,τ,11.5,2463,0.7012819399719077,0.6068900595195552,0.7626035213814111,0.524615338055422
1064,τ,12.5,2714,0.7084624974895813,0.6108133155019863,0.7633009280374757,0.5510045816794484
1064,τ,13.5,2953,0.7220684188616334,0.6286166829460531,0.7634534288595084,0.5743750383175668
1064,τ,14.5,2461,0.7215874179666677,0.6230052685535363,0.7634453452966468,0.5896433373524135
1064,τ,15.5,3000,0.7254579146545075,0.6475928815393395,0.7633390486288585,0.5931642352995666
1064,τ,16.5,2582,0.7186487484601644,0.6208297176770541,0.7633215225027992,0.5845872329312277
1064,τ,17.5,3688,0.7210481354524937,0.6159608515048052,0.7634705934790482,0.5675175768005108
1064,τ,18.5,5438,0.7018627036923141,0.6093446089853396,0.7631833600619667,0.5482655433698645
1064,τ,19.5,6198,0.6881983098080836,0.6021792710829046,0.7622578068155744,0.5334263427400185
1064,τ,20.5,3165,0.6843240901303529,0.5906684171189329,0.7614327664415723,0.5276963080130304
1064,τ,21.5,3867,0.6883359625748754,0.6059362961962764,0.7613802517781768,0.5326425153667248
1064,τ,22.5,4050,0.6840524404253009,0.6014260715962635,0.7627616304379838,0.5462788354202645
1064,τ,23.5,3459,0.6744937074499436,0.6009494380961201,0.7590107746088696,0.5633151231586592
1065,B,0.5,571,1.9972438989539336,1.7225012314242407,2.178287753114315,2.5030745756178816
1065,B,1.5,1103,2.058952139462728,1.7264325052366207,2.3136565641726383,2.49276523054581
1065,B,2.5,1440,2.025360634424018,1.700324562487117,2.244674927591506,2.4609724303422698
1065,B,3.5,1505,2.074730500072333,1.7401946759417894,2.4797488295785226,2.4094964558892102
1065,B,4.5,2708,2.1658469284893043,1.767064071574099,2.7931060889679435,2.3459690875898693
1065,B,5.5,3547,2.1871032324425532,1.7546700276363572,2.8169489459611485,2.281671755862569
1065,B,6.5,4106,2.1200308202338114,1.7256875149173632,2.756627723224323,2.228472100162999
1065,B,7.5,2267,2.083180617722797,1.7151710024882942,2.6446967595758495,2.196108476243391
1065,B,8.5,1119,2.0347623612047743,1.7343306004302983,2.47530519012201,2.1904585199013273
1065,B,9.5,1559,2.0654294380192093,1.7337258871284247,2.633586225051933,2.2127415319601202
1065,B,10.5,2360,2.129436790828208,1.7652177393934407,2.671294442382405,2.2593553911915083
1065,B,11.5,2504,2.1752187434829655,1.8099433364045914,2.7275242645971,2.322266037591174
1065,B,12.5,2395,2.139600024631197,1.7701033200009229,2.686773997933744,2.3902005460464686
1065,B,13.5,1953,2.1717157659070683,1.828944644241954,2.7146607405291303,2.4509086766928943
1065,B,14.5,1828,2.1292033424272883,1.7874527249556649,2.594636464156744,2.494243664914531
1065,B,15.5,1592,2.139766122295326,1.7691535137827121,2.6971011180515463,2.515054206580306
1065,B,16.5,2136,2.1402677830047065,1.762295754631079,2.6787909892219393,2.5145673796748755
1065,B,17.5,2384,2.1832658126061926,1.7567999652817594,2.787709805892929,2.499539671145308
1065,B,18.5,2249,2.030495074053491,1.7023885585423768,2.5041277369046164,2.479595283610585
1065,B,19.5,1280,2.07785209096122,1.7307501539032506,2.435622217044338,2.46396104386637
1065,B,20.5,1979,2.105120158530527,1.7505477925349837,2.5946945190120108,2.4587562300611707
1065,B,21.5,1572,2.0823287809151925,1.7372679401768423,2.6572385975283352,2.4654250486746268
1065,B,22.5,888,2.036674146552593,1.728118175858141,2.3183281662850566,2.4804245480434206
1065,B,23.5,929,2.042170134453896,1.731641352222669,2.3581683712532504,2.4961516221030906
1065,v,0.5,571,0.5323836283980182,0.37782072879169604,0.6429659771663774,0.48851007562475435
1065,v,1.5,1103,0.5429243148383363,0.4398440744373942,0.6421381481983157,0.43937577123649124
1065,v,2.5,1440,0.5456327418349428,0.4744981600287807,0.6473002531421418,0.38277895447594423
1065,v,3.5,1505,0.4992353569491721,0.32361866369517056,0.6292062060565402,0.32781293852411547
1065,v,4.5,2708,0.48068904274282576,0.322143507832991,0.625263325048241,0.28183973146444546
1065,v,5.5,3547,0.46152088616447245,0.2187250845066107,0.6220565616881002,0.24893374467149587
1065,v,6.5,4106,0.44350189059976536,0.00843372599709454,0.6320222013455448,0.23045615864320387
1065,v,7.5,2267,0.44189254856467564,0.014561399995446249,0.6381886854576001,0.22646351747305862
1065,v,8.5,1119,0.45611366982272733,0.015518480281459293,0.6301107065804007,0.2367717074190386
1065,v,9.5,1559,0.4074510787912773,1.0000002361214745e-9,0.6281815468964059,0.2611741110424494
1065,v,10.5,2360,0.49014282190528125,0.31779699005420026,0.6287361429620452,0.2987802941240596
1065,v,11.5,2504,0.49277979567474456,0.37139873222625,0.6118259908441779,0.34679972614309523
1065,v,12.5,2395,0.47349141344647133,0.19283231036477372,0.6227827067580173,0.39962843271982335
1065,v,13.5,1953,0.48943762294117427,0.36865939668713454,0.6080004674582515,0.4494575758026113
1065,v,14.5,1828,0.5141343808100013,0.37642418296453073,0.6210533608273687,0.48887627311964166
1065,v,15.5,1592,0.5144473757586625,0.37730036550334667,0.6295328690905355,0.5140844680818821
1065,v,16.5,2136,0.5259363160927402,0.38045602165933484,0.6330763672064668,0.5263217692473505
1065,v,17.5,2384,0.5016620496015936,0.37548220381580477,0.6274508902894889,0.5305037216499604
1065,v,18.5,2249,0.5271680390184628,0.3682095962092926,0.6492463737099238,0.5322977892949878
1065,v,19.5,1280,0.5295119437507383,0.3776447433080961,0.6349670461258539,0.5354881049889553
1065,v,20.5,1979,0.5285106835927945,0.387854477092398,0.6341291057339834,0.5405004609268923
1065,v,21.5,1572,0.5351562137615022,0.3808878275811313,0.6394064393095459,0.5441043369311357
1065,v,22.5,888,0.5431001065230684,0.41013677080786437,0.6402463339431733,0.5403403332549942
1065,v,23.5,929,0.5407401836381404,0.3996995476452199,0.6398642058618361,0.5229039631595414
1065,a₀,0.5,571,0.41089815962645565,0.29971704609194044,0.6453038362592936,0.4989482956800843
1065,a₀,1.5,1103,0.40438227566996443,0.2993119992106944,0.6049200990636593,0.5046132260946774
1065,a₀,2.5,1440,0.399271976132647,0.30027461796559124,0.5480867752758467,0.5153932063237698
1065,a₀,3.5,1505,0.4522715099962791,0.30451314134120167,0.6980174443232595,0.5300425074508186
1065,a₀,4.5,2708,0.4867527575604614,0.30361075118337055,0.7893357252742885,0.5463806907606606
1065,a₀,5.5,3547,0.5149538129133832,0.30334828878995024,0.7968541898324841,0.5617810656644571
1065,a₀,6.5,4106,0.5128020558044796,0.30374051673890046,0.7784330332002848,0.5737913667623183
1065,a₀,7.5,2267,0.5141306211251196,0.3074821309018172,0.7516781162177246,0.5806788098840054
1065,a₀,8.5,1119,0.5001053678632005,0.31117336935598194,0.6931474018661132,0.5817509745457092
1065,a₀,9.5,1559,0.5323390248507699,0.3150508080831698,0.7539666114492956,0.577423699275434
1065,a₀,10.5,2360,0.47575775115366375,0.3013649816093624,0.7496722344347134,0.5690693754614384
1065,a₀,11.5,2504,0.47225686979242565,0.2998880612923889,0.7639620677701424,0.5586749626270732
1065,a₀,12.5,2395,0.48828167533519035,0.3041403886792877,0.7559286380382759,0.5483527868399876
1065,a₀,13.5,1953,0.47018089307298133,0.30175987546412847,0.7554271003741372,0.5398123250861231
1065,a₀,14.5,1828,0.4532776089758779,0.30422543666382695,0.7158952597470774,0.5339520159124372
1065,a₀,15.5,1592,0.45628696013994124,0.3028956806944413,0.7524889446236881,0.5307011981588957
1065,a₀,16.5,2136,0.44253296880156223,0.3020888174081354,0.7510250520791202,0.5291522443658413
1065,a₀,17.5,2384,0.4869059666412868,0.3031958761070999,0.783834688890676,0.5279309697065935
1065,a₀,18.5,2249,0.4518201367260082,0.30802966561791223,0.6996662543037755,0.5256904808907558
1065,a₀,19.5,1280,0.4288767095326268,0.30071726278086996,0.6857894409174355,0.5215862929276999
1065,a₀,20.5,1979,0.44224463897108846,0.3039363497203816,0.7110717308220211,0.5156011588534678
1065,a₀,21.5,1572,0.4561893672473779,0.3094493251038628,0.7445864326321036,0.5086289712761082
1065,a₀,22.5,888,0.4213418662487516,0.3017113366845987,0.6525053010373874,0.5022864254872831
1065,a₀,23.5,929,0.4258924495555407,0.3092118792737919,0.6818150771215167,0.4984949937104981
1065,τ,0.5,571,0.7572554398482896,0.598741726147308,0.8953332250848781,0.3035246384711063
1065,τ,1.5,1103,0.7856008591707686,0.6730602915100642,0.8952369829118642,0.2961883241638925
1065,τ,2.5,1440,0.7802579837815191,0.6794226784432411,0.8944120866230372,0.28680641610050794
1065,τ,3.5,1505,0.7360277328517625,0.5431506630872625,0.8895422328890931,0.27748552889544653
1065,τ,4.5,2708,0.7306709589731826,0.5468442442267261,0.8896774277030187,0.2702607135344625
1065,τ,5.5,3547,0.7081942012021801,0.46306664623062266,0.8906723875049017,0.26663689982071936
1065,τ,6.5,4106,0.6808518380634357,0.286662754219222,0.8913846358931334,0.2673619530156525
1065,τ,7.5,2267,0.667933965010594,0.29043500068513994,0.883980377353854,0.2723532114702411
1065,τ,8.5,1119,0.669781163050123,0.2916884271445894,0.8792980223407133,0.2806961922309456
1065,τ,9.5,1559,0.633501681162648,0.27905687418610287,0.8760162791058829,0.2907285590846009
1065,τ,10.5,2360,0.731796536997879,0.5461214700430954,0.893671377116624,0.30030596268862525
1065,τ,11.5,2504,0.7494545283885167,0.6232682819106684,0.8948997396507946,0.3073145914251037
1065,τ,12.5,2395,0.7182234675207189,0.4418231418698316,0.889491218592325,0.3103236261983363
1065,τ,13.5,1953,0.7482928004327163,0.610433235320981,0.8928506955366623,0.30908552317153115
1065,τ,14.5,1828,0.7588830282430646,0.6468141851727232,0.8896997116721428,0.3045986368899547
1065,τ,15.5,1592,0.7601152183837444,0.6497256058316646,0.8923929924826974,0.29869397276916887
1065,τ,16.5,2136,0.7753899663876535,0.6649877519110369,0.8931907438482422,0.2933838915928263
1065,τ,17.5,2384,0.7456896077716367,0.6426843691571617,0.8904718040260531,0.2902759843186805
1065,τ,18.5,2249,0.7359562919434454,0.6058915358683654,0.884771955738407,0.29021103279134125
1065,τ,19.5,1280,0.7677272518380397,0.6539988104977996,0.8945208376706852,0.2931184910596945
1065,τ,20.5,1979,0.7660951306835506,0.6633468454509759,0.8915133193985394,0.2980361717342778
1065,τ,21.5,1572,0.7523893423623148,0.6600034021755506,0.8804172749623657,0.3032967952232904
1065,τ,22.5,888,0.7668862143347529,0.6514753660640071,0.8932502130076301,0.30692988472722915
1065,τ,23.5,929,0.7642318704611525,0.6578276824119392,0.8833975154791286,0.3072612385742428
1072,B,0.5,1348,1.795079301387898,1.4556929013687563,2.122671582263436,2.06994649365888
1072,B,1.5,1248,1.8324564096617633,1.4595331474279396,2.1268458629090667,2.0903626788429155
1072,B,2.5,1329,1.83887003879585,1.3840761180178416,2.119194193238674,2.0686734588037288
1072,B,3.5,1851,1.7594411795681102,1.4085930885501912,2.1112114289566146,2.002458806506182
1072,B,4.5,2966,1.7252450032901472,1.3525741188504181,2.089211277654729,1.9127270973845096
1072,B,5.5,3256,1.633137843633808,1.352980453215236,2.0352911123192508,1.8307100484427157
1072,B,6.5,2470,1.5985293106909386,1.351103974758609,2.059644336085877,1.7818895796425376
1072,B,7.5,1241,1.5588670865138072,1.351048387779404,2.0097529885744847,1.777652294592198
1072,B,8.5,667,1.712099283499331,1.3537042845511227,2.1848220742941744,1.8148740355026087
1072,B,9.5,731,1.6866709874735408,1.3519417548146972,2.0965316685483804,1.8798664165760588
1072,B,10.5,1332,1.6905234388734642,1.3542425362481258,2.090247429187869,1.9550640800152435
1072,B,11.5,1494,1.7211863375501513,1.3774286770135828,2.0934246867567037,2.0269613269960205
1072,B,12.5,2943,1.8495170590660293,1.4587570810110042,2.1137436308379827,2.0911039771703765
1072,B,13.5,1499,1.9041833452979435,1.4681467060087534,2.2090922218070976,2.1501753938110655
1072,B,14.5,1046,1.9687937023792386,1.4998622987860042,2.2095093887842605,2.2064281124947134
1072,B,15.5,1606,1.9844061587725679,1.5218596029976097,2.219101404555639,2.2544373925372194
1072,B,16.5,2149,1.9471907072330181,1.4865830944746665,2.1567931064845567,2.280255124799539
1072,B,17.5,2428,1.9334215369086976,1.469281598860088,2.188649353822598,2.2692176235757127
1072,B,18.5,2934,1.9084639278284536,1.4642719103128052,2.143740506797432,2.2180095503606663
1072,B,19.5,2201,1.8038299937573785,1.4209270085741759,2.0904072376958216,2.1410982630400626
1072,B,20.5,1941,1.8341204151127761,1.4601071023324927,2.0750966282748347,2.065145879912324
1072,B,21.5,1644,1.9049453177951292,1.4720144639832804,2.119416955712466,2.0158127517516697
1072,B,22.5,2169,1.8694164599701844,1.4636018339794994,2.098057971819176,2.0062336011579833
1072,B,23.5,2510,1.8953100723932652,1.477455558525499,2.1077933078720825,2.0315979764433245
1072,v,0.5,1348,0.685454289592132,0.567678063197835,0.8196580752176317,0.5436336924371772
1072,v,1.5,1248,0.7004952375737888,0.5873642472379716,0.8202872007867283,0.5031523958993543
1072,v,2.5,1329,0.6995002814263803,0.5035837278096891,0.8231832896796409,0.48867196608532043
1072,v,3.5,1851,0.6692248412747491,0.5071439668365503,0.8119044471018471,0.4905621415889255
1072,v,4.5,2966,0.6526628122513535,0.5022280506960326,0.8153290610762584,0.492338662540293
1072,v,5.5,3256,0.6305100409455409,0.5023846345910176,0.804571693445575,0.47971667734990703
1072,v,6.5,2470,0.6042239174054329,0.5020225312253976,0.801140129135107,0.451418896316007
1072,v,7.5,1241,0.5935124145064581,0.5020012971702612,0.7829568923129419,0.4204986260789239
1072,v,8.5,667,0.6297167793445834,0.5023534653667755,0.8064706371557708,0.40442781431457536
1072,v,9.5,731,0.6307146429053021,0.5020647215179409,0.8118502833530687,0.41621400691114124
1072,v,10.5,1332,0.6227099593753763,0.5022438527987109,0.7841181474462111,0.461863714299874
1072,v,11.5,1494,0.6550156233496338,0.508976529161912,0.8112378272393327,0.5378593664493102
1072,v,12.5,2943,0.7096855856719018,0.6024480462388194,0.8244876819006226,0.6256734433393556
1072,v,13.5,1499,0.7145502940828873,0.601651546093749,0.8243747937184139,0.6938001137592599
1072,v,14.5,1046,0.7257478059072391,0.6156416493992662,0.8256725576503006,0.718202289799892
1072,v,15.5,1606,0.7391611414875179,0.6220350215237048,0.8280770066568165,0.7036011697239651
1072,v,16.5,2149,0.7339674538085668,0.6097590728246545,0.8266159782644065,0.6774543070021734
1072,v,17.5,2428,0.7240659185538474,0.5870994803313331,0.8264997078587086,0.6662476325708419
1072,v,18.5,2934,0.7229430113318515,0.5842676431291443,0.8273652214360289,0.680508932179819
1072,v,19.5,2201,0.6913492942391437,0.5268555368284065,0.8236326168926611,0.7118183153733746
1072,v,20.5,1941,0.7178736755307232,0.5977911118173225,0.8246708763778746,0.7361434025246528
1072,v,21.5,1644,0.7263847872136538,0.6296472959681461,0.8251512949455475,0.7273281187493564
1072,v,22.5,2169,0.7296400947879035,0.6151300695775413,0.8266369822955555,0.6782813216264127
1072,v,23.5,2510,0.7322090566895469,0.6360679303364684,0.8269289817683482,0.607824805124943
1072,a₀,0.5,1348,0.5733726821908101,0.563052939491246,0.5906479116593455,0.5393503358675589
1072,a₀,1.5,1248,0.5752770421450917,0.5636628700242021,0.5907342932955095,0.5367686314830854
1072,a₀,2.5,1329,0.5762177150696308,0.5621667349675915,0.5911162513145947,0.5396195092111434
1072,a₀,3.5,1851,0.5721553967746361,0.5621733330697907,0.5896486170666406,0.5461625107362013
1072,a₀,4.5,2966,0.5716421066774796,0.5621583353174151,0.5900436249788111,0.5532064610521445
1072,a₀,5.5,3256,0.5694219394904215,0.5621619327936367,0.5886438010702071,0.557834162952205
1072,a₀,6.5,2470,0.5677681740837599,0.5621435287437674,0.5881723024930682,0.5588224437849476
1072,a₀,7.5,1241,0.5670048584183544,0.5620767340778732,0.5859946472953991,0.5570156364899636
1072,a₀,8.5,667,0.5697052772256908,0.5620666529028816,0.5890111163383764,0.5545504510522226
1072,a₀,9.5,731,0.5693938387718854,0.5621089407946145,0.5896558772936978,0.5534385810629413
1072,a₀,10.5,1332,0.5674392421155966,0.561968090369051,0.5858346403111151,0.5543542959703115
1072,a₀,11.5,1494,0.5707021357121638,0.5621884860900763,0.5895111149219661,0.5563514800627103
1072,a₀,12.5,2943,0.5764867735320722,0.5640599387133082,0.5912826427510458,0.5576469703478765
1072,a₀,13.5,1499,0.5769357903034024,0.5636344710100119,0.5912732809387685,0.5569305426201192
1072,a₀,14.5,1046,0.5783875731810404,0.5647281510888932,0.591464554109074,0.5543527917466233
1072,a₀,15.5,1606,0.5801080532825613,0.5648246496330627,0.5917731054820339,0.5515616465790557
1072,a₀,16.5,2149,0.5795750638574986,0.5644430225120645,0.5915889717798231,0.55072634516939
1072,a₀,17.5,2428,0.5784514806336675,0.5631507987993951,0.5915721221778688,0.553106390046238
1072,a₀,18.5,2934,0.5783503571359467,0.5634394768458718,0.5916777345055011,0.5580551626754098
1072,a₀,19.5,2201,0.5749653399276409,0.5623300191874103,0.591173851136419,0.5631335171888798
1072,a₀,20.5,1941,0.5776776536528464,0.5640790780526314,0.5913118862090684,0.56533528808341
1072,a₀,21.5,1644,0.5783477069296646,0.5654406433050106,0.5913932166527969,0.5627348633390497
1072,a₀,22.5,2169,0.5792187574809077,0.5647477692575417,0.5915780013629418,0.5556391662093875
1072,a₀,23.5,2510,0.579065322744975,0.5657289101642036,0.5916062527314766,0.5466212587078594
1072,τ,0.5,1348,0.6361770472120306,0.5379262281930283,0.73547038404481,0.5310751640409062
1072,τ,1.5,1248,0.645994186888946,0.5564414528575028,0.7350357933570465,0.49485880590031583
1072,τ,2.5,1329,0.6428387209817918,0.49774326479461534,0.738422262295696,0.469068203713528
1072,τ,3.5,1851,0.6238441862823731,0.4992805411239298,0.72907630719555,0.4586507409750214
1072,τ,4.5,2966,0.6099348275436934,0.4970991641493091,0.7308565459550356,0.46038344060018765
1072,τ,5.5,3256,0.5982822887347511,0.4972592447006706,0.7238453089936778,0.46583308012369823
1072,τ,6.5,2470,0.5755202729927652,0.49705923015424786,0.7181285311974578,0.4664295535499906
1072,τ,7.5,1241,0.5689288227417187,0.4969405214222538,0.7066761547889093,0.45935362701608373
1072,τ,8.5,667,0.5891128960288371,0.4970847035501943,0.7230340777369552,0.44973075191529904
1072,τ,9.5,731,0.593211480347606,0.49704468575142235,0.7274357678705854,0.4469126338722788
1072,τ,10.5,1332,0.5870491160548359,0.49704888335317193,0.7056197886492235,0.4585824815296643
1072,τ,11.5,1494,0.6143382487357997,0.4995623308344328,0.7277732455080071,0.48650445982486734
1072,τ,12.5,2943,0.6524986175706632,0.5623993696812166,0.7394281706679853,0.5241642477637675
1072,τ,13.5,1499,0.6516824925747059,0.553300329293595,0.7392303368355796,0.5572919712449103
1072,τ,14.5,1046,0.6552720628348182,0.5625939430176827,0.7407550047982174,0.5707200791789095
1072,τ,15.5,1606,0.6657597800166373,0.5734880195788188,0.7423530741511215,0.5596085357478499
1072,τ,16.5,2149,0.6646041703474135,0.5730651687849075,0.7409048102778001,0.5339096390698046
1072,τ,17.5,2428,0.6568635848721227,0.5368642347084734,0.7410995928759749,0.5106504401562301
1072,τ,18.5,2934,0.6582783084111836,0.5489924950446963,0.7416502857501437,0.5031459074654098
1072,τ,19.5,2201,0.6393273140220248,0.5081140865542384,0.739182678330543,0.5156940880898451
1072,τ,20.5,1941,0.6611723396299104,0.5748061918444943,0.7401657506170748,0.5426148306889278
1072,τ,21.5,1644,0.6623941462817619,0.5984314172883054,0.7403884205474661,0.5695270160605764
1072,τ,22.5,2169,0.6681704517704722,0.5814582879283452,0.7414249514659972,0.5795600962460314
1072,τ,23.5,2510,0.6686292490959063,0.61486431757917,0.741638797572822,0.5644981585525615
Denna,B,0.5,253,2.0798428465036394,1.6071008852240014,2.756840363292501,1.7882958916923672
Denna,B,1.5,101,1.857842812786676,1.577329024121048,2.7427356374861143,1.8001636532079066
Denna,B,2.5,277,1.7085704526411438,1.6117192183072857,1.9529374492738656,1.8285748133060273
Denna,B,3.5,254,2.1219608874407614,1.6148801461555098,2.7463637609716054,1.8603648953044283
Denna,B,4.5,278,2.2170076604083935,1.6148695865027929,2.7815763004131653,1.881415032479502
Denna,B,5.5,130,1.9632283328767628,1.561266011558629,2.726014615937375,1.8811151450612211
Denna,B,6.5,110,1.7272704410630018,1.4380793080296395,2.460080545010622,1.8563649524405574
Denna,B,7.5,21,1.868705416393567,1.5285288330705336,2.3932020028894265,1.8129122762579364
Denna,B,8.5,5,2.0440242648951665,1.6120235323319103,2.6745228915472787,1.7631868773662764
Denna,B,9.5,17,1.708649508885193,1.5658375592991614,1.9816170136630553,1.7219921596494925
Denna,B,10.5,23,1.777536594024637,1.6003358205927043,2.398185203675469,1.7023483085974906
Denna,B,11.5,115,1.8711751119583215,1.6084659973793358,2.5448911205913163,1.7128267709176468
Denna,B,12.5,144,1.7799866637446422,1.530236170573822,2.3101623781119964,1.7562098684914123
Denna,B,13.5,93,1.7266746406823252,1.5988571449476345,2.1443398915623213,1.828692968580443
Denna,B,14.5,283,1.9179105034161348,1.598287497163553,2.5665691440476315,1.91941082558206
Denna,B,15.5,246,1.9861975172817958,1.6189374434684332,2.6888568645229345,2.01115185934737
Denna,B,16.5,334,2.108168427958226,1.7424134826491406,2.677272984235144,2.083609181847532
Denna,B,17.5,247,2.1031534468325814,1.633548730331878,2.722026771694852,2.1193897414957665
Denna,B,18.5,263,2.083350387402572,1.6133076930601933,2.6757562146967384,2.1105363148944707
Denna,B,19.5,275,2.088662080851811,1.669177798715503,2.723872248715492,2.0617804070195613
Denna,B,20.5,512,1.961290067142659,1.6061877654875103,2.5954918223728223,1.988350594151932
Denna,B,21.5,409,1.9881517513999867,1.6140018607044135,2.577670355100574,1.909843633659043
Denna,B,22.5,221,1.9741667845032513,1.6085001122423197,2.550650344006556,1.8438376804248977
Denna,B,23.5,482,1.8642608571800359,1.6147969031989682,2.49443294168382,1.8019068309172712
Denna,v,0.5,253,0.5813874745910667,0.48576094392815616,0.7055011316626991,0.5244523977911312
Denna,v,1.5,101,0.495203026634053,0.2926702077150703,0.639222270909003,0.4521469825378123
Denna,v,2.5,277,0.5361747368326099,0.4978716881934293,0.6760035669131355,0.37435801251468304
Denna,v,3.5,254,0.6071542312024961,0.5114017811973741,0.7258408336739582,0.30285740774740827
Denna,v,4.5,278,0.6041329007353614,0.4624475683381801,0.7220300975865901,0.24581310802735956
Denna,v,5.5,130,0.5158240844927858,0.33358725516804094,0.6821700113521784,0.20637042843406275
Denna,v,6.5,110,0.30576279526517874,0.003298138347071112,0.558677879486532,0.18433649429942117
Denna,v,7.5,21,0.39473009965806566,0.059289822198690105,0.6266797047474718,0.1786486264701076
Denna,v,8.5,5,0.5293876973845475,0.4451834122427114,0.6115162229767901,0.18906467452743422
Denna,v,9.5,17,0.45779382116099393,0.13656166273908799,0.6131297573489417,0.21669270487476636
Denna,v,10.5,23,0.5154351287112826,0.46180630084540647,0.6459949606964207,0.26330885957820266
Denna,v,11.5,115,0.5621211630067308,0.44409615494947297,0.6977949306306774,0.32932433307643133
Denna,v,12.5,144,0.49977862361313374,0.24079594436947754,0.701868996688255,0.41079835872896786
Denna,v,13.5,93,0.5222248781990624,0.4505830003557862,0.6248513054827362,0.49748065486287785
Denna,v,14.5,283,0.6019542547594412,0.4233276879921264,0.7362181820694946,0.5748171372053299
Denna,v,15.5,246,0.6369771247990991,0.499497831299249,0.7391318478845801,0.6302816533827909
Denna,v,16.5,334,0.6876411135942508,0.6413701900763628,0.7412412842272387,0.659574740264705
Denna,v,17.5,247,0.6395807855368221,0.5015305044154882,0.7366027072138362,0.667508121801117
Denna,v,18.5,263,0.6387737585657826,0.48395392967563405,0.7368331937733417,0.6634800624081368
Denna,v,19.5,275,0.6690043230347736,0.5367435523210858,0.7413107359694953,0.655720045126015
Denna,v,20.5,512,0.6105552511529706,0.4697744413305907,0.7251967425101568,0.6476595057374842
Denna,v,21.5,409,0.6402120303872487,0.4925271013688926,0.7350145187235397,0.6370255019437582
Denna,v,22.5,221,0.6331334432491054,0.47726925990786306,0.7332917510554832,0.6172192330886281
Denna,v,23.5,482,0.596779424637395,0.5114190377585396,0.7209640133080114,0.5808261149283442
Denna,a₀,0.5,253,0.4422815644072411,0.2167507061318874,0.6384397401302678,0.5951399401435099
Denna,a₀,1.5,101,0.5243108758120576,0.22038192985068356,0.6386796994495104,0.600957223110893
Denna,a₀,2.5,277,0.5941951351279264,0.46753560721080223,0.6392991147322016,0.5909393305992442
Denna,a₀,3.5,254,0.42188274308692997,0.2201080003914046,0.6383930406771541,0.5667205562447972
Denna,a₀,4.5,278,0.38206206663408765,0.2083741515898968,0.6194858368015712,0.5335411615668817
Denna,a₀,5.5,130,0.4705631685054439,0.22507144930531325,0.6378724221474552,0.4993891361399533
Denna,a₀,6.5,110,0.49890367771498717,0.3044369733269225,0.616882388199215,0.4727353395789935
Denna,a₀,7.5,21,0.4706235575843869,0.3133211536608404,0.5528237109637457,0.45988095563236375
Denna,a₀,8.5,5,0.4596030416338418,0.23875514784734567,0.6195517444446331,0.4633978022432378
Denna,a₀,9.5,17,0.5500621952509883,0.3984211153564885,0.6343022927981057,0.4817860978672519
Denna,a₀,10.5,23,0.560747231187553,0.32702423784061085,0.6283584493195397,0.5098139574329937
Denna,a₀,11.5,115,0.5093693866011688,0.28247861002298125,0.635826494159039,0.5397197395446388
Denna,a₀,12.5,144,0.5297493446839379,0.3281180251218431,0.6337585297148209,0.5634909726243095
Denna,a₀,13.5,93,0.5795378542311382,0.43506797349423787,0.6372739954158525,0.575269636049747
Denna,a₀,14.5,283,0.4854858680846498,0.27631737721766253,0.6284933321774823,0.5726936337142488
Denna,a₀,15.5,246,0.4688990018006394,0.238191474347075,0.6211989575016696,0.5571651918835997
Denna,a₀,16.5,334,0.41778592895199174,0.24150336011234846,0.5329718908389154,0.5335433161284376
Denna,a₀,17.5,247,0.4182078412012293,0.22690597531817555,0.5373484033675232,0.509096934558093
Denna,a₀,18.5,263,0.4316966020445771,0.24222638327496981,0.6103845096180797,0.49146289984941094
Denna,a₀,19.5,275,0.42721235363162263,0.22755929163270172,0.5337094500536707,0.48631870106683917
Denna,a₀,20.5,512,0.4743610921831507,0.26685937596488574,0.6362749631479029,0.4958126807041182
Denna,a₀,21.5,409,0.4585631943551937,0.2685153155460449,0.6088299396169262,0.5179967600159414
Denna,a₀,22.5,221,0.4605519282136747,0.28005109580508714,0.5892185498111557,0.547178308780505
Denna,a₀,23.5,482,0.5255131042899026,0.2962457806852868,0.6393356169822282,0.5754483899334603
Denna,τ,0.5,253,0.7350098125954851,0.61669858949854,0.875339700630314,0.5971980152122003
Denna,τ,1.5,101,0.6731102544921413,0.604866090692329,0.8733096229063495,0.5927625104938505
Denna,τ,2.5,277,0.646310250929916,0.6187735890882691,0.7425036734013868,0.5820119029480735
Denna,τ,3.5,254,0.7500720880298629,0.6201227940814725,0.874667200147637,0.5660267921466465
Denna,τ,4.5,278,0.7702124791958709,0.620165373702601,0.8798773302874451,0.5475268468071278
Denna,τ,5.5,130,0.703059284473593,0.6010519740315023,0.8696430247092618,0.5300335183733231
Denna,τ,6.5,110,0.6321237883113384,0.5483880303831834,0.8077012664165464,0.5169174509735807
Denna,τ,7.5,21,0.670879236031221,0.5720263775669354,0.7884524506816791,0.5106928406877121
Denna,τ,8.5,5,0.7163305531104969,0.6213666424351121,0.8566485417606844,0.5126511836029937
Denna,τ,9.5,17,0.6445027678565409,0.5920842555539177,0.7264926534188008,0.5227222488558119
Denna,τ,10.5,23,0.6586935298858668,0.6143598631057597,0.8152291547145558,0.539443503789396
Denna,τ,11.5,115,0.6919529794483606,0.6176225985305817,0.8403863341233018,0.560057082252565
Denna,τ,12.5,144,0.6653360194105442,0.5854788106800819,0.7935081956143086,0.5808856563916192
Denna,τ,13.5,93,0.6496967656960496,0.6158031381023247,0.7422749688596321,0.5981101216867802
Denna,τ,14.5,283,0.7112445233389105,0.6147538288423691,0.8448119182962697,0.6088279877544176
Denna,τ,15.5,246,0.7293036487967468,0.6234682166486234,0.8651641894477192,0.6119682358515067
Denna,τ,16.5,334,0.7658083478962876,0.7052076029777438,0.8620344699521223,0.6085787513574891
Denna,τ,17.5,247,0.7558388936651084,0.6261055182339752,0.8703056740482875,0.6013196425532933
Denna,τ,18.5,263,0.749773974552725,0.6207106071169484,0.8622375814052761,0.5934433542840573
Denna,τ,19.5,275,0.7575293204591541,0.6688319349829988,0.8712506163453264,0.5877434838754845
Denna,τ,20.5,512,0.7202302615467345,0.6160755363537975,0.8494797330906428,0.5858157360670679
Denna,τ,21.5,409,0.7332726780059503,0.6207754663487215,0.8456407951469433,0.5877229075855138
Denna,τ,22.5,221,0.7300232889603431,0.6168488996585009,0.84105120870157,0.5920267117140137
Denna,τ,23.5,482,0.6931642574900938,0.6200827237709483,0.8327822181344604,0.5961677165395517
Dopey,B,0.5,225,1.7233945648956337,1.5480878698728189,2.145718945486621,1.8608095395451878
Dopey,B,1.5,34,1.6694794066648722,1.5584916386138339,1.852281088339651,1.8675809674626618
Dopey,B,2.5,110,1.7462156561376774,1.5266648439215893,2.162376388159797,1.8776881239397487
Dopey,B,3.5,339,1.8113849134150763,1.5255906372557932,2.235042374241672,1.8900373478160333
Dopey,B,4.5,807,1.7404629210529203,1.519300771955661,2.194398865595643,1.902716985776651
Dopey,B,5.5,1599,1.7403403903063326,1.526058265013328,2.2011789421920422,1.9133937827360765
Dopey,B,6.5,1458,1.7053071564116118,1.5285345407542996,2.1018813906948686,1.919866931015729
Dopey,B,7.5,531,1.664286314944472,1.5506206252970918,1.8437817418774576,1.9206390939071594
Dopey,B,8.5,109,1.7484256566501553,1.537806881060749,2.135929427716244,1.9153327783265521
Dopey,B,9.5,345,1.7588145585059165,1.5231637565398601,2.1976184290181084,1.9048127811742168
Dopey,B,10.5,839,1.8036343604891907,1.5231953532928113,2.2352838769960077,1.8909713483403647
Dopey,B,11.5,987,1.7397297616766987,1.5239171772213518,2.1728114651004335,1.8762499138703537
Dopey,B,12.5,778,1.660547094972443,1.5381330128360693,1.9222491147334622,1.863051912669781
Dopey,B,13.5,622,1.7279709262040768,1.5311829664997656,2.1236292606194946,1.8532135537660102
Dopey,B,14.5,231,1.6415391997583024,1.532041649908861,1.7784046539464906,1.8476557222835488
Dopey,B,15.5,314,1.7519046392445945,1.5206239831898012,2.1524213667237526,1.8462765092184088
Dopey,B,16.5,663,1.6920867301763094,1.525830930309311,2.073260531707492,1.8480879532915697
Dopey,B,17.5,735,1.6687298920067035,1.521479461220663,1.9444943295738373,1.851556909785971
Dopey,B,18.5,494,1.6474790921629898,1.5262220860292546,1.8661550222657097,1.8550703883736899
Dopey,B,19.5,69,1.8072784609395154,1.5279241808858703,2.205993367585733,1.8574097871944362
Dopey,B,20.5,336,1.748341500746226,1.5212753795372789,2.159492150047119,1.8581024220860405
Dopey,B,21.5,519,1.6347926855219501,1.5384687598456308,1.7690665854317484,1.8575434224463325
Dopey,B,22.5,489,1.6895297410831278,1.534496050475389,2.0591410930904086,1.8568491428644187
Dopey,B,23.5,141,1.6606965697710647,1.544818315860628,1.9537377015540167,1.8574891791356225
Dopey,v,0.5,225,0.6935252578329469,0.5387758753129954,0.7669667019737632,0.6054787449381693
Dopey,v,1.5,34,0.7133536552403088,0.6421878242328831,0.7664041929433467,0.5733815929380854
Dopey,v,2.5,110,0.690147487032148,0.5313875687975049,0.7812528616306101,0.5381945568436814
Dopey,v,3.5,339,0.639451795861357,0.49816427865227986,0.7831013473863004,0.5013315846202259
Dopey,v,4.5,807,0.6609554537736357,0.4666019888308055,0.7865827187405385,0.46618540702668004
Dopey,v,5.5,1599,0.6562312138412579,0.4649190988029114,0.7823194828391764,0.43703774767425235
Dopey,v,6.5,1458,0.6328742288014443,0.4647998874414614,0.7810342458966311,0.41796913925781354
Dopey,v,7.5,531,0.6334640091099042,0.4648043016288221,0.7652027199856636,0.4123038029420066
Dopey,v,8.5,109,0.6725073231445878,0.5186499058811477,0.7622921053803682,0.4225829793698696
Dopey,v,9.5,345,0.6812358770573501,0.5182786137619931,0.7828212842571265,0.45064468631408733
Dopey,v,10.5,839,0.6663280764158553,0.5019822757068693,0.7839775108716699,0.4973058345064695
Dopey,v,11.5,987,0.6896266066911668,0.5273674626664759,0.7836840392707334,0.5613532662121444
Dopey,v,12.5,778,0.7123084148931516,0.6002052201328776,0.7743578924919817,0.6380569137434727
Dopey,v,13.5,622,0.6958419446010774,0.5476800129912438,0.7793281331602656,0.7181909285717264
Dopey,v,14.5,231,0.7276202473154938,0.6816001393022267,0.7779248227410283,0.7890535423513255
Dopey,v,15.5,314,0.6896264691955174,0.5362551897419252,0.7856386745440869,0.8381837281758867
Dopey,v,16.5,663,0.708889854024689,0.5677818354879293,0.7819042345994476,0.8582387981010232
Dopey,v,17.5,735,0.7208237886438145,0.6178370744436084,0.7855624548067954,0.8498475857912577
Dopey,v,18.5,494,0.722952690784923,0.6454358204967552,0.7817213814424292,0.8204576916080194
Dopey,v,19.5,69,0.6676170794227921,0.5149766043935133,0.7833253874817354,0.7802930268456557
Dopey,v,20.5,336,0.6910694427713088,0.5334373946955195,0.7854839236784621,0.7382457455033472
Dopey,v,21.5,519,0.7248694326614222,0.6770722827774963,0.7742454860154078,0.6996167228198985
Dopey,v,22.5,489,0.706095152084701,0.5706294869061197,0.7771102285370548,0.6658376605022147
Dopey,v,23.5,141,0.7165687497388505,0.613084789955057,0.7698565317939099,0.6354223410292043
Dopey,a₀,0.5,225,0.4154123870574383,0.2533334007981326,0.5104537359824038,0.5351934552355386
Dopey,a₀,1.5,34,0.43748835926248747,0.3836056605545651,0.5033461592095432,0.5330834740177037
Dopey,a₀,2.5,110,0.38748522856635315,0.25212593471874784,0.4882054433904977,0.5228469135981493
Dopey,a₀,3.5,339,0.36899500840562893,0.2282793516053569,0.4878660657954104,0.5051761547526813
Dopey,a₀,4.5,807,0.39019364972997145,0.23973400069234227,0.49222078740550046,0.482750125702767
Dopey,a₀,5.5,1599,0.3941515593936133,0.23705235323052926,0.4903546195210586,0.4596866536854645
Dopey,a₀,6.5,1458,0.4154468623670928,0.2653583082102902,0.4956392652742272,0.44048005413937985
Dopey,a₀,7.5,531,0.44542351736383107,0.3510286532491299,0.5099692420771104,0.42881955803760335
Dopey,a₀,8.5,109,0.4059755094560614,0.2588806570354376,0.5117434688423018,0.4267572740729451
Dopey,a₀,9.5,345,0.39350032359906034,0.23791472264539126,0.5094828574898165,0.43437031778060625
Dopey,a₀,10.5,839,0.3686793231925553,0.22854303306437596,0.4992538017135017,0.44979664740243414
Dopey,a₀,11.5,987,0.3986344491720757,0.24649696298116583,0.5104598717910354,0.46960421945889025
Dopey,a₀,12.5,778,0.4375218277856514,0.3173659136958329,0.5112356404762177,0.48957558279145713
Dopey,a₀,13.5,622,0.39865443425017394,0.2575152412823861,0.4953605231203804,0.5058106983368054
Dopey,a₀,14.5,231,0.4321846785863657,0.36209803626105924,0.5125498125260372,0.5157553252231631
Dopey,a₀,15.5,314,0.3792876959701246,0.24986147160641212,0.4939386869212046,0.518767866249223
Dopey,a₀,16.5,663,0.4135167287845262,0.2712180536905809,0.5066283165741734,0.5161138415415507
Dopey,a₀,17.5,735,0.40883187161922185,0.30941408911117885,0.4867234264414713,0.5104748400269754
Dopey,a₀,18.5,494,0.43873720954862727,0.3342254161992141,0.5124116995382662,0.5051077926583365
Dopey,a₀,19.5,69,0.3646884773684793,0.2356734685555319,0.5109233787765576,0.5028546525892786
Dopey,a₀,20.5,336,0.38020847513888834,0.2496830153580208,0.4943209421491936,0.5052801704949156
Dopey,a₀,21.5,519,0.44634166229071703,0.36833953867935915,0.5117083925575824,0.5121853856769257
Dopey,a₀,22.5,489,0.4201815795955271,0.27747349022973394,0.5069530905281157,0.5216271730723947
Dopey,a₀,23.5,141,0.44156230001760965,0.3109230613209081,0.5136112264501788,0.5304505350714576
Dopey,τ,0.5,225,0.744693756994497,0.626541412776904,0.9180960736546969,0.5712224414752044
Dopey,τ,1.5,34,0.7210453837121245,0.6377335548842997,0.776872497124639,0.556194203196684
Dopey,τ,2.5,110,0.7812467487712178,0.6587124400798835,0.9180547677141782,0.539674957711277
Dopey,τ,3.5,339,0.7763775094055625,0.5593515824116773,0.9407533804442825,0.5236914913436468
Dopey,τ,4.5,807,0.7505294182697653,0.49301205804512893,0.9302812248905855,0.5106190457835721
Dopey,τ,5.5,1599,0.7415985361096724,0.4485822299229128,0.9326775722155007,0.5026642695269374
Dopey,τ,6.5,1458,0.685817093554737,0.448473752884812,0.9066137260451763,0.5014657159201219
Dopey,τ,7.5,531,0.63929329768805,0.44848471194771233,0.8198045169893017,0.5078435931921915
Dopey,τ,8.5,109,0.7442280151440298,0.618837043268934,0.9070426286898958,0.5216475455615782
Dopey,τ,9.5,345,0.7696925801303749,0.6233616046631801,0.9321644935446829,0.5416622829284188
Dopey,τ,10.5,839,0.7984408100040569,0.6394861376545887,0.940292186657917,0.565612419363721
Dopey,τ,11.5,987,0.7657253601605548,0.6260488713094884,0.9234828631745083,0.5903839659688916
Dopey,τ,12.5,778,0.7175945463469848,0.6218415090475922,0.858210325774048,0.6125602572275942
Dopey,τ,13.5,622,0.7679457733991533,0.6485245475375574,0.913373864830879,0.6292131015581189
Dopey,τ,14.5,231,0.7322384754226381,0.6240453536318229,0.8114420010345165,0.6386758767913255
Dopey,τ,15.5,314,0.7921128408705266,0.652598377082859,0.921300703983859,0.6409376450160579
Dopey,τ,16.5,663,0.7518725706231651,0.6324335535463659,0.9013313499630562,0.6374555903623828
Dopey,τ,17.5,735,0.7615349895441573,0.6615659230138736,0.865707328447499,0.6304887032667141
Dopey,τ,18.5,494,0.7219587721648193,0.622982826104297,0.8409082904669024,0.6222732907131201
Dopey,τ,19.5,69,0.8053425283836168,0.6262725912325338,0.9341887842922243,0.6143590945739699
Dopey,τ,20.5,336,0.7913074265534634,0.6518832177045981,0.9215708847778317,0.607276586732265
Dopey,τ,21.5,519,0.71109028527345,0.6236158593255805,0.8069873330077046,0.600560259981583
Dopey,τ,22.5,489,0.7407581285244588,0.6296473016008657,0.8942377528859906,0.5930763472151449
Dopey,τ,23.5,141,0.7166117482911036,0.6223784872758756,0.8618524860003113,0.5835614643042851
Draco,B,0.5,452,1.5892865626406303,1.3000903227722935,1.8751111193959535,1.5965920423797575
Draco,B,1.5,190,1.5466433076515589,1.2797932932374,1.8795363551508237,1.5838066492753842
Draco,B,2.5,358,1.620715124182797,1.2764876510081742,2.0133336197843854,1.5832618230828943
Draco,B,3.5,535,1.6587053071392273,1.3360791526441784,1.8918684313682927,1.5965100139574517
Draco,B,4.5,1131,1.6838043363823914,1.344656798507973,1.9989575294138908,1.6223738834398698
Draco,B,5.5,731,1.517686171948684,1.2738567003855934,1.882972364279913,1.6569898053050818
Draco,B,6.5,448,1.612187933197855,1.2794784196771036,2.0289556270186395,1.6943795790446903
Draco,B,7.5,184,1.617082464937139,1.2819253832934407,2.0321506341255913,1.727635827072137
Draco,B,8.5,339,1.7110241555214076,1.3521393105823685,2.016068942261164,1.750602695698483
Draco,B,9.5,555,1.7907344852205749,1.3625401770223013,2.15058350268651,1.7595850146537129
Draco,B,10.5,518,1.6986035900145333,1.298435492554642,2.088376759518143,1.7544057037627625
Draco,B,11.5,805,1.6324528121490534,1.2827746610736632,2.0182943437330136,1.7383184523725284
Draco,B,12.5,519,1.6179883831774056,1.2811156164285893,1.9316695053222581,1.716815348725982
Draco,B,13.5,78,1.7496906028060952,1.4187865588039723,1.978189861547302,1.6958682501346205
Draco,B,14.5,451,1.7020050867937377,1.3767126272741128,1.991576837859148,1.68027237392118
Draco,B,15.5,742,1.6946830809167768,1.3377632150274943,2.018028953544265,1.6725362144565592
Draco,B,16.5,600,1.6169705620871098,1.2844660818526785,1.9504782415978037,1.6724567833866804
Draco,B,17.5,536,1.4976131614679367,1.2713360035664134,1.855124738305368,1.6773513438244456
Draco,B,18.5,410,1.576266164338186,1.283530327630923,1.904163618626016,1.6828820847741677
Draco,B,19.5,604,1.605621176219824,1.281978986675776,1.9062152970545116,1.6843621372716229
Draco,B,20.5,563,1.6813152558592954,1.3624582004574122,1.94490494826682,1.6782703567157202
Draco,B,21.5,586,1.5850126096394845,1.2750311191491743,1.8974261937621986,1.6635065365816835
Draco,B,22.5,458,1.6981144818648293,1.325010013357756,1.9795738770149787,1.6418975769636934
Draco,B,23.5,660,1.6143794991547966,1.2860585919719054,1.9149625073294185,1.6177400069903571
Draco,v,0.5,452,0.7410591208672865,0.48645816834335187,0.9405795438652135,0.6532065410994708
Draco,v,1.5,190,0.7579139517148136,0.608619486281295,0.9476627319597859,0.5920862224273634
Draco,v,2.5,358,0.7417647389943404,0.4639212310394938,0.9549706443294254,0.5271309820509122
Draco,v,3.5,535,0.7737427544682515,0.45908908647801805,0.9632828901273011,0.46502565935261564
Draco,v,4.5,1131,0.7709758901264963,0.46320013903669977,0.9905267493319906,0.41215558677002617
Draco,v,5.5,731,0.7234156461948041,0.5416525511145119,0.9145658984988515,0.3730998877520497
Draco,v,6.5,448,0.7078048872329085,0.4474811716166598,0.9226757428200414,0.3504514515399208
Draco,v,7.5,184,0.6990853401835462,0.4934015956890222,0.8694563871153577,0.34555577426935935
Draco,v,8.5,339,0.766849789765612,0.4470123248800882,0.991912120938276,0.35936357172708533
Draco,v,9.5,555,0.7564499777666046,0.4502545924912132,0.9696831257717246,0.3927620514685001
Draco,v,10.5,518,0.7390399688285111,0.4583532683792899,0.9688997592484127,0.44604978887786384
Draco,v,11.5,805,0.7514760234288396,0.4730813651463494,0.9657257038002174,0.5175452663560937
Draco,v,12.5,519,0.7355510833858232,0.45062122383087455,0.9556524159806679,0.6018826607238339
Draco,v,13.5,78,0.8017293842618087,0.45305151116031017,1.0099332062987953,0.6893035064701649
Draco,v,14.5,451,0.7814680707676088,0.46853262105441407,1.0620001662282057,0.7673769840580072
Draco,v,15.5,742,0.7691018492497603,0.449562700890735,1.0441128845396501,0.8251207499559726
Draco,v,16.5,600,0.7380018964230621,0.4746237862707773,0.9602676440414124,0.8571966059649042
Draco,v,17.5,536,0.7339858923714125,0.5692954803721784,0.9263207725975537,0.8652678031120216
Draco,v,18.5,410,0.7641210619887693,0.549533245355834,0.9795307654678412,0.8557819815610186
Draco,v,19.5,604,0.7542397511500339,0.482867880382761,0.9669008296131121,0.8360644569748282
Draco,v,20.5,563,0.77658345731373,0.4456987983295275,0.9998951642862411,0.811132860159706
Draco,v,21.5,586,0.748729600129118,0.5308954111030404,0.9581289738194165,0.782401028687201
Draco,v,22.5,458,0.7597804121786297,0.44836795052496303,0.9778269594154758,0.7482184042392848
Draco,v,23.5,660,0.7646497326052786,0.4739181200701039,0.9748399056856225,0.705715011650599
Draco,a₀,0.5,452,0.3386638074910016,0.2712821739936436,0.4066260313318014,0.3810316325735556
Draco,a₀,1.5,190,0.3477183798783611,0.2680343323711445,0.4134325090401117,0.38180087521138
Draco,a₀,2.5,358,0.3375109845051595,0.26129710513305515,0.41494556103959157,0.38493732345164006
Draco,a₀,3.5,535,0.3195033829073501,0.26589058958880296,0.4007163697888153,0.3895904516361986
Draco,a₀,4.5,1131,0.31747861175196346,0.2556946664382526,0.3957264220510154,0.3946541751874859
Draco,a₀,5.5,731,0.36484001099514063,0.27432570973987713,0.41545718047424574,0.3990471925010456
Draco,a₀,6.5,448,0.3544934078655038,0.2696244798239837,0.41469291081166704,0.40198908270516215
Draco,a₀,7.5,184,0.35569150045973386,0.27738359161938825,0.41348844294691184,0.4031918688202135
Draco,a₀,8.5,339,0.3130057997843414,0.2570982685242722,0.38661151186360354,0.4029080314220649
Draco,a₀,9.5,555,0.30753097092570364,0.2578624937353105,0.3837439251119471,0.4018214615264112
Draco,a₀,10.5,518,0.3260219599538626,0.2637580155266048,0.4102989241670231,0.4008175301720783
Draco,a₀,11.5,805,0.33464782984248365,0.26457945308613245,0.41329023235854623,0.4007031643970911
Draco,a₀,12.5,519,0.34404417476471716,0.266739355025656,0.4139679674842179,0.4019567881676353
Draco,a₀,13.5,78,0.2956364824069474,0.2486430172749582,0.3620311345479728,0.4045730565715731
Draco,a₀,14.5,451,0.3078822794508551,0.24931372197652957,0.3722221852579746,0.4080402777121501
Draco,a₀,15.5,742,0.31765031622481515,0.2525824349415753,0.3936532720439892,0.4114587221503818
Draco,a₀,16.5,600,0.34107533947707924,0.26673935502565543,0.41316370562343724,0.41377590435369105
Draco,a₀,17.5,536,0.3655122670212722,0.2794328888442835,0.41570299303240044,0.4140811371152081
Draco,a₀,18.5,410,0.3436092524631595,0.2649540953099525,0.41313409461560296,0.4118776518901597
Draco,a₀,19.5,604,0.3371933715695304,0.26634729804090146,0.41399424899112724,0.40725083327481226
Draco,a₀,20.5,563,0.31301484431902776,0.2597057529277196,0.3787265337093195,0.4008790478302982
Draco,a₀,21.5,586,0.34632020018690396,0.2667893450279822,0.414685716516784,0.39388061743909947
Draco,a₀,22.5,458,0.3211582793339126,0.26172818757668476,0.4027355448782784,0.38754217256438556
Draco,a₀,23.5,660,0.3338657213699925,0.264623417682541,0.4126016992236916,0.3830102373865841
Draco,τ,0.5,452,0.5792444118940461,0.5341034307799278,0.6327082032478422,0.5227147340465677
Draco,τ,1.5,190,0.5777660608542453,0.5333795260953132,0.6364385869162057,0.5274161716760538
Draco,τ,2.5,358,0.5672853235612384,0.5281129427339516,0.635742421983083,0.5247690666753553
Draco,τ,3.5,535,0.5975050162528919,0.534124416886373,0.6387595859216784,0.5154946394348171
Draco,τ,4.5,1131,0.5905102648280705,0.5344646627166372,0.638806828643979,0.5022444794324309
Draco,τ,5.5,731,0.5453126551507632,0.5196094492731023,0.6242172223772817,0.48863590173264615
Draco,τ,6.5,448,0.5255107895524215,0.46269657428749256,0.6229748268195511,0.478129997950037
Draco,τ,7.5,184,0.5194656953620747,0.4280529056558917,0.6138535123536054,0.47320309091236606
Draco,τ,8.5,339,0.5886346855797505,0.5358742106026524,0.6405136747260013,0.4749290218000175
Draco,τ,9.5,555,0.5638647199144025,0.5072156150485028,0.6371462664557317,0.48285364217418497
Draco,τ,10.5,518,0.5592792486741511,0.5215529109207322,0.6360713562408082,0.49505335399245276
Draco,τ,11.5,805,0.5697345121148081,0.5288147124762689,0.6360002949975324,0.5084243053404973
Draco,τ,12.5,519,0.5514754543921365,0.5249900989365514,0.6322545958744288,0.5193395451803497
Draco,τ,13.5,78,0.6171299365065962,0.5839857485699156,0.6433654939970048,0.5246761655312475
Draco,τ,14.5,451,0.6070856366674282,0.5683929737851982,0.6424175373955026,0.5228914279797799
Draco,τ,15.5,742,0.5847557000640441,0.5356396188883216,0.640055876397109,0.5146108481706352
Draco,τ,16.5,600,0.5597047148540255,0.5279534971276696,0.6332096869965838,0.5023798696100307
Draco,τ,17.5,536,0.5539571722148544,0.5286594465593117,0.6226711533296734,0.4897300195336186
Draco,τ,18.5,410,0.5746125168063212,0.5322803184877876,0.637018459611187,0.4800709709990272
Draco,τ,19.5,604,0.5762273697307656,0.5325290749753149,0.6373449156357778,0.4758556416175557
Draco,τ,20.5,563,0.603486424224598,0.5609732009912995,0.6393524246686673,0.478144445363935
Draco,τ,21.5,586,0.5623736306997116,0.5306083087379425,0.633843402979565,0.4864620561319734
Draco,τ,22.5,458,0.5734802997992566,0.5204255959636107,0.6393869890882813,0.49884791965010816
Draco,τ,23.5,660,0.5813294900811004,0.5321095125969248,0.6390687686185174,0.5121523504326759
Randy,B,0.5,87,1.8295912429881518,1.5362120775455872,2.1413543559615635,1.783879062873641
Randy,B,2.5,118,1.950316502627438,1.5457689215136454,2.220705312291262,2.025102193204372
Randy,B,3.5,245,1.905962775423466,1.551087165396439,2.209912795182099,2.0981112521121785
Randy,B,4.5,450,1.9060216575139597,1.5310600564633243,2.224327178959561,2.0706798812730205
Randy,B,5.5,523,2.011184045573513,1.5385593390374288,2.221384214610095,1.9597841986058868
Randy,B,6.5,664,1.7623964378834547,1.5309894523890908,2.1800747852541673,1.8303665101980866
Randy,B,7.5,273,1.7827017217176906,1.531053595134559,2.1392032034549673,1.7473125061451185
Randy,B,8.5,27,1.6388783519017525,1.5280367596558677,1.843350366421319,1.744663216176035
Randy,B,9.5,187,1.8478178393050115,1.488463367594702,2.219579657054706,1.8208243402532134
Randy,B,10.5,678,1.9706903971428686,1.5725245199530336,2.2216748676129683,1.9417268205843057
Randy,B,11.5,953,2.022314281201946,1.5857265697417817,2.2207772392670884,2.051000665034424
Randy,B,12.5,906,2.0168414734815645,1.647788813016048,2.220386519703944,2.0988789934149694
Randy,B,13.5,839,1.9878843650991467,1.6182242968687803,2.220539310523189,2.076683745069088
Randy,B,14.5,357,2.0190033536877254,1.6453087204030146,2.220178030291497,2.0204460663331583
Randy,B,15.5,12,1.934753967698039,1.7554140732081165,2.102523849341023,1.979035101634243
Randy,B,16.5,442,2.010091073715953,1.6445578317867358,2.220326272330736,1.9805591568076135
Randy,B,17.5,323,2.0424183755419,1.6320485886453817,2.2204744768427793,2.0182927836513374
Randy,B,18.5,189,1.9423941501439108,1.5585539579935734,2.197934052664772,2.055076067861624
Randy,B,19.5,460,2.025556943166849,1.6707499071772083,2.2206243121218137,2.045969756280798
Randy,B,20.5,93,2.0879559438934843,1.7677584791902063,2.219413513727915,1.9729358363681522
Randy,B,21.5,179,1.8992056245983169,1.5779058284321528,2.2133155339795354,1.8628106472750419
Randy,B,22.5,213,1.9715734585819868,1.5571021981041806,2.2204511517444017,1.7686009739410984
Randy,B,23.5,164,1.8129856927208166,1.51495938957956,2.1315156814034077,1.7360432945028739
Randy,v,0.5,87,1.1213625411987311,0.9162163518204427,1.3091196349714185,0.8568793591119945
Randy,v,2.5,118,1.1590578561133356,0.9486485263998936,1.46756247562275,0.8162853900656499
Randy,v,3.5,245,1.1773871094458273,0.924145445391144,1.4686988595397543,0.8413283254827841
Randy,v,4.5,450,1.187222914867024,0.8648700041608972,1.5808996396774606,0.8748202991368954
Randy,v,5.5,523,1.1426714246716823,0.8322291817245038,1.4713897568045302,0.8948541845465594
Randy,v,6.5,664,1.0637764052303562,0.7542471586857405,1.4849663115385108,0.8905000942856582
Randy,v,7.5,273,1.1262469038279956,0.7551335064253177,1.5674250518781858,0.8701920061140407
Randy,v,8.5,27,0.9429408545111602,0.7720793488582272,1.175166858765093,0.8552731207708024
Randy,v,9.5,187,1.1110674553494417,0.8443121677364356,1.40537980215429,0.8660328400695503
Randy,v,10.5,678,1.173905024914592,0.9379160460269118,1.4317394356363256,0.9118397592092317
Randy,v,11.5,953,1.1535393475341795,0.9493119162253187,1.4384633095351786,0.9864763239532145
Randy,v,12.5,906,1.1723824305716657,1.0137957820559689,1.4380826849561927,1.0671212664273242
Randy,v,13.5,839,1.1909228677115755,1.0050738055485626,1.4586890580739649,1.122513067812105
Randy,v,14.5,357,1.1628320772199354,1.0043257750210146,1.3684069328744075,1.1327751993010489
Randy,v,15.5,12,1.272329883083614,1.0894447521669555,1.4676615411669252,1.1048966827565838
Randy,v,16.5,442,1.1442348015554349,0.9779942712049497,1.397099537602537,1.0659481219346028
Randy,v,17.5,323,1.1394452525530516,0.9871364465095246,1.365080927877036,1.0422459532970703
Randy,v,18.5,189,1.1937961727151343,0.9162177951585585,1.5289120035358785,1.0443301500713484
Randy,v,19.5,460,1.1615330462580595,1.0118790429887234,1.418715079991025,1.063219277430551
Randy,v,20.5,93,1.2053127879464183,1.0485648405566446,1.5154894254612956,1.0752629050405236
Randy,v,21.5,179,1.209259307708624,0.9741487249706343,1.5267157021808968,1.0562912962797597
Randy,v,22.5,213,1.1605625758113818,0.9409460596630493,1.3996400955224269,1.000073218280749
Randy,v,23.5,164,1.1902571405090965,0.8975228134546378,1.5154237767972165,0.9242641015225761
Randy,a₀,0.5,87,0.340125725904095,0.305451027106738,0.38276110688229026,0.38297194454999495
Randy,a₀,2.5,118,0.3250132187025286,0.28864436738841076,0.3789593399321274,0.3770936207449144
Randy,a₀,3.5,245,0.32866705240069766,0.28900323723013355,0.38254963807888676,0.37031755562020324
Randy,a₀,4.5,450,0.32883258384024655,0.27655725645807205,0.38944652129779306,0.3667906990898677
Randy,a₀,5.5,523,0.3208315612469182,0.29024185442633943,0.39577084553874387,0.3687654660478714
Randy,a₀,6.5,664,0.354183331347637,0.2930377496587557,0.40260248620677175,0.3750838895543791
Randy,a₀,7.5,273,0.3481763478292583,0.28115106282584246,0.40250375596886034,0.3818340354561755
Randy,a₀,8.5,27,0.37600402244639813,0.34012896201762344,0.4009151045073941,0.3846002041502236
Randy,a₀,9.5,187,0.3391940884874505,0.2985666495973194,0.3942489493957193,0.38115672379052035
Randy,a₀,10.5,678,0.32259820478169937,0.2915887458390586,0.38016592502363805,0.37289025153121336
Randy,a₀,11.5,953,0.3183146749869528,0.2912407375294326,0.3753649009979355,0.3639482000113756
Randy,a₀,12.5,906,0.3175985727686314,0.2921303160760933,0.365019360059982,0.35872340477531045
Randy,a₀,13.5,839,0.31927781152811335,0.28825053872041,0.36733124313418286,0.35936079422753
Randy,a₀,14.5,357,0.31793314005037926,0.2907647799638093,0.364601274808111,0.3646502193443204
Randy,a₀,15.5,12,0.3196328905641848,0.2907140577958894,0.3474392509014768,0.3707306037801885
Randy,a₀,16.5,442,0.31979869899891744,0.29522980463062237,0.3635321992856866,0.373316201363128
Randy,a₀,17.5,323,0.31702361464056167,0.2961318694588127,0.37134983376202246,0.3703325952397155
Randy,a₀,18.5,189,0.32451075394864354,0.2871050698327544,0.3857499895557986,0.36327759322075853
Randy,a₀,19.5,460,0.31702840154598055,0.29338781435992045,0.3592987557231869,0.3563261863494923
Randy,a₀,20.5,93,0.3080447428421173,0.28139876904412814,0.3503374642596831,0.3538202682823078
Randy,a₀,21.5,179,0.3273675612205081,0.28516024558645015,0.37315116274666604,0.35780214441773983
Randy,a₀,22.5,213,0.3231352617024525,0.2936407731839263,0.3800098415767922,0.3668782125553271
Randy,a₀,23.5,164,0.33737079836592704,0.28668164621772063,0.38599022841657127,0.3768544937176586
Randy,τ,0.5,87,0.6382973389091496,0.6102674402841264,0.6649499766723976,0.5882327411562114
Randy,τ,2.5,118,0.6456686190280637,0.6168779491082579,0.6621468342833776,0.5380889637182521
Randy,τ,3.5,245,0.6389902386931869,0.6121856757830538,0.6664718974626567,0.5038093748616536
Randy,τ,4.5,450,0.6216475029398482,0.5422477980471614,0.6628688532274185,0.47839696478275245
Randy,τ,5.5,523,0.6247937931934172,0.5287965257354712,0.6600724493511181,0.4684988635944808
Randy,τ,6.5,664,0.5639134243796421,0.46068992663885844,0.6581905917200735,0.47485653168379527
Randy,τ,7.5,273,0.5615240038515577,0.46071160665010413,0.650283088678795,0.4930353010121325
Randy,τ,8.5,27,0.5342340053407069,0.4648818603019119,0.628002889899957,0.5151835879994328
Randy,τ,9.5,187,0.6326541760939944,0.5720752331958541,0.666313571190607,0.5334075588032078
Randy,τ,10.5,678,0.6322205744775028,0.5768512139792862,0.6607693990964658,0.5439144966987886
Randy,τ,11.5,953,0.6393094863201145,0.5934840868630977,0.6605265401664486,0.5487449772045532
Randy,τ,12.5,906,0.6404878569916206,0.6086868319049856,0.6600578200466707,0.5533383042934665
Randy,τ,13.5,839,0.64214732089444,0.6134559858697151,0.6615788430026093,0.5620774141148259
Randy,τ,14.5,357,0.641840061683606,0.6151538713800899,0.6600494729150734,0.5750663518905359
Randy,τ,15.5,12,0.6378474074742481,0.6193806467382896,0.6560934058732032,0.5877697053391525
Randy,τ,16.5,442,0.6471750417283424,0.621694728359143,0.6626974011042802,0.5937951692149709
Randy,τ,17.5,323,0.6425410375135988,0.6027252944002508,0.6610416338578601,0.5895958860352074
Randy,τ,18.5,189,0.6255507157754849,0.5630743904059097,0.6604979195316656,0.577675009813916
Randy,τ,19.5,460,0.6486967472479055,0.6220883739373869,0.6640464278372571,0.5653331998957924
Randy,τ,20.5,93,0.6439116849675987,0.614733108328813,0.6607566299705274,0.5600823205062169
Randy,τ,21.5,179,0.6373997775772778,0.6015901392950844,0.6664185860589658,0.5652665894183962
Randy,τ,22.5,213,0.6372977455263902,0.5877480699504769,0.6612443862422451,0.5778700887591708
Randy,τ,23.5,164,0.6380802743090895,0.5888421340384783,0.6710701815661595,0.5890502989932782
Remy,B,0.5,546,1.5139827871329394,1.3093100309424541,1.7452807846160079,1.7948002655844433
Remy,B,1.5,383,1.5408484887375908,1.3266885780858995,1.7420274340381185,1.8185462125179825
Remy,B,2.5,913,1.4591206728416346,1.211210475841272,1.7486939611109054,1.7979954113871857
Remy,B,3.5,1426,1.4288189363794082,1.1955053494924945,1.7486151555254275,1.7215461047086087
Remy,B,4.5,1749,1.3790885834281026,1.1927643884868036,1.7250710927239572,1.608824003008855
Remy,B,5.5,1709,1.3050622633872389,1.1929771017677477,1.5861388373421053,1.4973917630879265
Remy,B,6.5,1858,1.2115529835735965,1.191767336116216,1.2156678081247319,1.4205318022635924
Remy,B,7.5,876,1.211831998412942,1.191779792210638,1.2346384208974441,1.3946920269509395
Remy,B,8.5,847,1.2308039015142669,1.191741223227613,1.3111194426169512,1.418476243408626
Remy,B,9.5,1402,1.351152476972242,1.1954731853910476,1.6942928635598613,1.4763266303616087
Remy,B,10.5,1367,1.3572016707109973,1.194985521633515,1.7283962374807775,1.5448932712247159
Remy,B,11.5,1873,1.3188988890758986,1.1974747921563755,1.6051782754171255,1.6036124020136122
Remy,B,12.5,1707,1.3912436012929987,1.2002875041979988,1.6790745825512898,1.6455079136490234
Remy,B,13.5,1555,1.4509071738614743,1.2044405191316332,1.726013630691138,1.679186915114683
Remy,B,14.5,652,1.453608480160752,1.2194659950276872,1.7350225366801837,1.719513705620459
Remy,B,15.5,387,1.4423919251108748,1.2249775145532134,1.72119320719943,1.7744789172713993
Remy,B,16.5,420,1.6262945232776664,1.3291202824233534,1.7541570637338084,1.8369413457574093
Remy,B,17.5,1087,1.6487658753446783,1.3884451508245748,1.7540787991791924,1.886063823455402
Remy,B,18.5,753,1.5882274802148755,1.3271969666477137,1.7472713220922012,1.8996970605062762
Remy,B,19.5,821,1.5686782822604826,1.3257142253203251,1.747438883060137,1.8713271164545144
Remy,B,20.5,293,1.527922391376274,1.3161012592119596,1.7506279046055706,1.8173355602271415
Remy,B,21.5,404,1.6430795553430477,1.3823749071971685,1.7513844267687806,1.7671745828448326
Remy,B,22.5,271,1.5659208544903003,1.3276726218994106,1.7437709005567004,1.7456175678397452
Remy,B,23.5,183,1.715139605186446,1.661539951752576,1.7532548104748096,1.759787307303438
Remy,v,0.5,546,0.9066072135469789,0.8349570175444012,0.987685549086598,0.6412039108179545
Remy,v,1.5,383,0.9157711354551068,0.8402048071649777,0.9865392305408004,0.5801765729258049
Remy,v,2.5,913,0.8869684880252614,0.8033540861861307,0.9888884801423689,0.5617020586016361
Remy,v,3.5,1426,0.8542804218388542,0.6782980082307819,0.9888606115552847,0.5767649587765098
Remy,v,4.5,1749,0.8229957422367138,0.6024993211910589,0.9805624461514757,0.6078602771688768
Remy,v,5.5,1709,0.7979126659060094,0.6077956605978326,0.9316095041708361,0.6340603509986764
Remy,v,6.5,1858,0.7197316268522245,0.5740525609266894,0.8029210812074061,0.6420377702001243
Remy,v,7.5,876,0.7277530716267497,0.5744079439962461,0.8093167525992994,0.6352988816671548
Remy,v,8.5,847,0.7089402458146019,0.5733075377927346,0.8355801613736187,0.6302290695690856
Remy,v,9.5,1402,0.8229813783899073,0.6777112311604921,0.9697205359659521,0.6434948362306045
Remy,v,10.5,1367,0.8220896446484357,0.6652422259846262,0.9817347433956605,0.6823982698103637
Remy,v,11.5,1873,0.8186290423562866,0.726960241705214,0.9383372740271858,0.740412459269948
Remy,v,12.5,1707,0.8576712185859051,0.7925723770278079,0.9643597631720128,0.7973516838061636
Remy,v,13.5,1555,0.8815604545686004,0.8024939691208461,0.9808948674893085,0.8293264908774706
Remy,v,14.5,652,0.8838649291825889,0.8057446976240631,0.9840607266598811,0.8272737218279876
Remy,v,15.5,387,0.8789462949166099,0.8044103905444988,0.9792083145222732,0.8059534645914409
Remy,v,16.5,420,0.9458456457536569,0.8406678886286075,0.9908140140903949,0.7923217448432534
Remy,v,17.5,1087,0.9537128396995248,0.861943509354058,0.9907863006189805,0.8073998838429306
Remy,v,18.5,753,0.9325527155674724,0.8403513913413788,0.9883870353214883,0.855432386400685
Remy,v,19.5,821,0.9244564332188667,0.8399680167337982,0.9884462320329143,0.9186044123993033
Remy,v,20.5,293,0.9115078007618045,0.8371274215934091,0.9895701135921314,0.9588234970002226
Remy,v,21.5,404,0.9509814366579596,0.859801056110304,0.9898366543186776,0.9387251308685216
Remy,v,22.5,271,0.9244901585759068,0.8405257863403093,0.987153366460211,0.85437609517103
Remy,v,23.5,183,0.9770700361513756,0.958170209684248,0.9904960794129778,0.7407972250907141
Remy,a₀,0.5,546,0.34564636693236594,0.29430819751216963,0.39212398254379144,0.4039395992919281
Remy,a₀,1.5,383,0.3414858227212316,0.2950695074410497,0.3919919712745763,0.3981298088736326
Remy,a₀,2.5,913,0.35402219546178515,0.2935080260367526,0.39188738712930354,0.3966919611352359
Remy,a₀,3.5,1426,0.35983986425597386,0.29352673623776865,0.4147177053701758,0.40213628311539346
Remy,a₀,4.5,1749,0.37287726865574683,0.29904744602098887,0.43329495708425353,0.4139697095733691
Remy,a₀,5.5,1709,0.38383455004718786,0.3314577829765348,0.4319984346806554,0.42854432495135947
Remy,a₀,6.5,1858,0.40479461788977794,0.3850486273521227,0.4402740225383287,0.44056838314470964
Remy,a₀,7.5,876,0.40294430252253294,0.3848523039738905,0.4401868336394624,0.4457033229415694
Remy,a₀,8.5,847,0.40682786425141026,0.3845770120468371,0.4404568048716534,0.4427744806431559
Remy,a₀,9.5,1402,0.37530136490127974,0.3062392798076097,0.4148425425221555,0.434249917623091
Remy,a₀,10.5,1367,0.3727998230265667,0.29826655258705476,0.4179042957303817,0.4247488992237255
Remy,a₀,11.5,1873,0.3787000761013303,0.32656903282356836,0.4030103520727923,0.4185138820093624
Remy,a₀,12.5,1707,0.3674581208106583,0.309790330843164,0.39222704576682954,0.41733876712671963
Remy,a₀,13.5,1555,0.3565007123031373,0.29882532562250064,0.3921292703710564,0.42000840813698204
Remy,a₀,14.5,652,0.3551248404477474,0.29664717754993425,0.39181166211413354,0.4233630931338371
Remy,a₀,15.5,387,0.35882266186247197,0.2998933510895453,0.3922110585746531,0.42432750191714647
Remy,a₀,16.5,420,0.3217069021578608,0.29222663514806224,0.3884941404879478,0.42174171738620064
Remy,a₀,17.5,1087,0.31672424446176795,0.29224543194459085,0.3778740731548481,0.4168908641236619
Remy,a₀,18.5,753,0.3297832911929758,0.29384181781529567,0.388667089466274,0.41245149200357234
Remy,a₀,19.5,821,0.33414558788269877,0.2938018831703586,0.3909360322163096,0.41061319451280975
Remy,a₀,20.5,293,0.34279710799397345,0.2930544237021287,0.3919403845633008,0.41160842171538714
Remy,a₀,21.5,404,0.31795892466332726,0.2928772069109104,0.3789329803420146,0.41354180374654886
Remy,a₀,22.5,271,0.33596722414850066,0.2946622423808543,0.3915925853262093,0.4136333200068211
Remy,a₀,23.5,183,0.30134195962332216,0.2924379868242052,0.3139465393477624,0.41017053156955463
Remy,τ,0.5,546,0.641389466623615,0.5685901562475149,0.7238990599873906,0.507835154914436
Remy,τ,1.5,383,0.6531522432037646,0.5804088791455251,0.7227855627770255,0.4800442105801071
Remy,τ,2.5,913,0.6163786316707341,0.4980266620203285,0.7250655759924924,0.44201281616711224
Remy,τ,3.5,1426,0.5845727036779068,0.4210342971204094,0.7250388721390042,0.40316634846105154
Remy,τ,4.5,1749,0.5570820898548515,0.37692862220133566,0.7169934478713668,0.3725173403550482
Remy,τ,5.5,1709,0.5241442032949089,0.38003789750967953,0.6691224569804048,0.35512630882655144
Remy,τ,6.5,1858,0.45035339013878223,0.3604031791048323,0.5003276521225211,0.35167551248641804
Remy,τ,7.5,876,0.45516959317781824,0.36060963012557556,0.5112766287902839,0.3594809513867414
Remy,τ,8.5,847,0.4499138729827586,0.35997037630791173,0.564933466582968,0.37380469197729577
Remy,τ,9.5,1402,0.5508418598116995,0.42062141582947815,0.7064486605844892,0.3896823446335407
Remy,τ,10.5,1367,0.5487518881294366,0.41338725522043274,0.718128413394358,0.40417142470747963
Remy,τ,11.5,1873,0.5405508168502616,0.4501769839162903,0.6758505571411326,0.4176242458034192
Remy,τ,12.5,1707,0.5850545709443248,0.48913300986759867,0.7012267773917289,0.43275642974593326
Remy,τ,13.5,1555,0.6120563787593827,0.4944518267515515,0.7173142462064576,0.4521129427316084
Remy,τ,14.5,652,0.6132007865836002,0.5042381396515071,0.7203814991605826,0.4756342699127927
Remy,τ,15.5,387,0.6099278382015688,0.5036476021644958,0.7155813791734174,0.4997175393883099
Remy,τ,16.5,420,0.6826566313283701,0.5811956500320917,0.7269319523096802,0.5186102706772376
Remy,τ,17.5,1087,0.6906705847729486,0.6012846406525154,0.7269056864199952,0.5278903729839722
Remy,τ,18.5,753,0.6686251021087969,0.5808614744262385,0.7245796805544295,0.5276954810756079
Remy,τ,19.5,821,0.6605674478704852,0.5765340771575295,0.724636204005445,0.5227424106564889
Remy,τ,20.5,293,0.6467015656451776,0.5731377817631975,0.7257262833706474,0.518966167639769
Remy,τ,21.5,404,0.6879436965897432,0.5997934386343531,0.7259849475813249,0.5194840255540338
Remy,τ,22.5,271,0.6620955505499451,0.5810766480807024,0.7233830890653381,0.5223223177558403
Remy,τ,23.5,183,0.713561083925409,0.6952859934373073,0.7266234126529093,0.5209301588774371
Rhea,B,0.5,207,1.7602783010809884,1.599515758651361,2.0586964345181444,1.714372264452767
Rhea,B,1.5,102,1.7669602163595601,1.606418383780937,2.038738613360558,1.7574052838070902
Rhea,B,2.5,185,1.7959408906758396,1.6054642760404274,2.091021484863039,1.8258944195017313
Rhea,B,3.5,542,1.6885046899272182,1.4517800726121215,1.9744408317699187,1.8839002277039822
Rhea,B,4.5,944,1.7402231738093457,1.4624556366232158,2.13106901540775,1.9041099484616146
Rhea,B,5.5,1280,1.7567051365643416,1.4413935266893292,2.1830254282110446,1.8858991265679235
Rhea,B,6.5,1314,1.8080201816459414,1.4405990188473061,2.484840440655157,1.8546880242121364
Rhea,B,7.5,708,1.757783468746559,1.440564690997949,2.3817162677428354,1.8431059260761544
Rhea,B,8.5,420,1.8097583950784415,1.4405954703384118,2.5252316979046125,1.871083657894699
Rhea,B,9.5,491,1.8900929113197888,1.4415439023985626,2.475592061215307,1.9356994086753727
Rhea,B,10.5,507,1.973572120482409,1.4786338020391807,2.687742744457985,2.011425523831106
Rhea,B,11.5,766,1.9884576716033209,1.492978290621572,2.6552633429517423,2.062094893666301
Rhea,B,12.5,1481,1.8528854529236383,1.5979382737839964,2.596530871931656,2.063422420764649
Rhea,B,13.5,1507,1.8275754840100629,1.5980675004680207,2.4362506727472053,2.0209658580516736
Rhea,B,14.5,1120,1.814707421769293,1.5365886103901807,2.311181795507442,1.9659028874238673
Rhea,B,15.5,553,1.7861874585244644,1.575960315391746,2.2034006210192936,1.9329536382275425
Rhea,B,16.5,702,1.7215932309273527,1.5246464311058587,1.9736338985673194,1.939953365454331
Rhea,B,17.5,829,1.751480254382527,1.5806362593064873,2.1022612785780943,1.9791050176778813
Rhea,B,18.5,1117,1.6762102364310456,1.4989676507819352,1.8682286262408716,2.019824287496022
Rhea,B,19.5,521,1.6853599180050294,1.448664874621318,1.9649350847846434,2.02440096195564
Rhea,B,20.5,494,1.694565484352114,1.4972281347727172,1.9304220350705386,1.9730896002016012
Rhea,B,21.5,434,1.6844384700740191,1.570984757220554,1.8617313537326883,1.8800113939453227
Rhea,B,22.5,434,1.6763550851019149,1.4778777841865738,1.8257130986392363,1.783571261699985
Rhea,B,23.5,555,1.6660358242690338,1.504890729093067,1.8493619865845945,1.7217963741084115
Rhea,v,0.5,207,0.8085187858596421,0.5866116937009244,0.9128146101678514,0.6269317524555889
Rhea,v,1.5,102,0.8370442081261574,0.6882285172839055,0.9191645179613932,0.5352505925027587
Rhea,v,2.5,185,0.8135563917500487,0.6451875164992559,0.9134496768375002,0.4897385591852001
Rhea,v,3.5,542,0.7644283159546746,0.5880225942515013,0.9157376639540011,0.47637080519240915
Rhea,v,4.5,944,0.7624572232127816,0.541900992980881,0.9174511115123436,0.4718831439757155
Rhea,v,5.5,1280,0.7094001798124827,0.5254575396374691,0.9057936785911963,0.453570254704596
Rhea,v,6.5,1314,0.6327210747469532,0.42547719459717137,0.8629236493539413,0.41442588001507785
Rhea,v,7.5,708,0.6033232753414727,0.4385569433436912,0.8154708975261602,0.36862958069785456
Rhea,v,8.5,420,0.6304963091685417,0.40341413455176994,0.8602673356973227,0.33822518088107606
Rhea,v,9.5,491,0.6471609027626686,0.3494627514605361,0.9032647027649048,0.33988882893270256
Rhea,v,10.5,507,0.6419846549452786,0.3509456839850525,0.9009347021482643,0.38425028550881296
Rhea,v,11.5,766,0.6435750473335277,0.365847785235979,0.8916755910200685,0.4768763951603648
Rhea,v,12.5,1481,0.7469719108557815,0.3870773982983137,0.9174324719902252,0.608344239450793
Rhea,v,13.5,1507,0.7622522212555463,0.4654447791502587,0.9184737180222335,0.7406152216510148
Rhea,v,14.5,1120,0.7471795070962103,0.49575419639676704,0.911058309864039,0.822157449430998
Rhea,v,15.5,553,0.7758495304657171,0.562823805445282,0.9156982113637279,0.8354474932573162
Rhea,v,16.5,702,0.7998449128450923,0.5909009093602617,0.9180348998398608,0.8137758844295663
Rhea,v,17.5,829,0.7964546077391135,0.5907907219716925,0.9187967333970912,0.8051181043806391
Rhea,v,18.5,1117,0.8110783436097798,0.5935649810563535,0.918516248616021,0.8370719076780583
Rhea,v,19.5,521,0.7719836041565338,0.5892269965030307,0.9146758247036013,0.9053975793577836
Rhea,v,20.5,494,0.8095041386551376,0.5937299540006045,0.9173272256716543,0.9715251967698598
Rhea,v,21.5,434,0.8332419717631034,0.63302380967593,0.9188883785987001,0.9780884107831267
Rhea,v,22.5,434,0.794598586476049,0.5946945464101381,0.9178271967331202,0.8966559255158686
Rhea,v,23.5,555,0.815604447048427,0.599307382373844,0.9188959646141803,0.7597475664668394
Rhea,a₀,0.5,207,0.41140284492985035,0.3398381595307015,0.4495142425270806,0.49715905692931184
Rhea,a₀,1.5,102,0.41267139858142704,0.3496692682372831,0.4494671552147992,0.4860562320454725
Rhea,a₀,2.5,185,0.4052840306633392,0.3387689303391406,0.4493087513177274,0.472296163832186
Rhea,a₀,3.5,542,0.4206940220064867,0.3648536856420135,0.45079288533856426,0.45970547200552814
Rhea,a₀,4.5,944,0.4202277353284927,0.32827110630838147,0.45089199705768745,0.4504545904470257
Rhea,a₀,5.5,1280,0.4058641017257596,0.3121639268063523,0.45105644801241107,0.4442319965626094
Rhea,a₀,6.5,1314,0.3912453049991015,0.24577337074918554,0.45121369311125537,0.4389018438142225
Rhea,a₀,7.5,708,0.4003626668840889,0.26967465734372736,0.4517035985214144,0.4321837700963367
Rhea,a₀,8.5,420,0.39395105191144464,0.24052375014269423,0.45124310241432014,0.4233501617820238
Rhea,a₀,9.5,491,0.4015321036634338,0.252546423448078,0.45150461588218677,0.4139147294383745
Rhea,a₀,10.5,507,0.3684884868336107,0.2019793763062952,0.44994765480820853,0.40688790999742586
Rhea,a₀,11.5,766,0.3613843426642119,0.20929892197814887,0.4496834330966892,0.40509573100465596
Rhea,a₀,12.5,1481,0.39578342672483,0.22224903728752513,0.44954964359828387,0.4096043668135509
Rhea,a₀,13.5,1507,0.39561513479904525,0.2571353132343004,0.44953854967111656,0.419099729385582
Rhea,a₀,14.5,1120,0.4000901511328765,0.28581231544163843,0.44959948487427304,0.43052449041656426
Rhea,a₀,15.5,553,0.403768091683027,0.3129381850394919,0.4495504642159408,0.44069709575052074
Rhea,a₀,16.5,702,0.42049312713596565,0.3656835156437426,0.44958949693664274,0.44803367689102297
Rhea,a₀,17.5,829,0.4119552767763316,0.3300966754582765,0.4495507475352113,0.45329273195430875
Rhea,a₀,18.5,1117,0.4270678799063113,0.38743714627214787,0.44986912543897095,0.4588509130373025
Rhea,a₀,19.5,521,0.4259427510875785,0.3666553318607987,0.4510021220969789,0.4669612342020418
Rhea,a₀,20.5,494,0.42353464273559505,0.371420077669146,0.44998238409863234,0.47804451100394957
Rhea,a₀,21.5,434,0.4274836816930786,0.38696253335150954,0.4495634903692141,0.49002946249749446
Rhea,a₀,22.5,434,0.42556640267538054,0.39715878649250846,0.45058170819268417,0.49918596716036956
Rhea,a₀,23.5,555,0.4293178511920438,0.39269287822181487,0.450217532773897,0.50202546554795
Rhea,τ,0.5,207,0.6877067959436729,0.6338533200430673,0.7141002972361945,0.6139538475603031
Rhea,τ,1.5,102,0.7067841662196586,0.6882515331601494,0.7147720067013258,0.6016441047416
Rhea,τ,2.5,185,0.7001838791915693,0.6787921515579445,0.713815804479929,0.5566522409584066
Rhea,τ,3.5,542,0.6419906569639384,0.47789539572619627,0.7142529589532397,0.4968457489274293
Rhea,τ,4.5,944,0.6543133710491099,0.4789569215821511,0.7145295745813085,0.44185912679349026
Rhea,τ,5.5,1280,0.6265684965704161,0.4729962932353333,0.7127278796453292,0.4036958332048067
Rhea,τ,6.5,1314,0.5935614210585556,0.47278029945115707,0.706808042805535,0.3860738191288116
Rhea,τ,7.5,708,0.5624126607047061,0.4723495067439871,0.6956068878296842,0.38769900942937535
Rhea,τ,8.5,420,0.5926208427677859,0.4727800288396085,0.7081641217373347,0.404973189810596
Rhea,τ,9.5,491,0.6236328765693941,0.47290937903259883,0.7120046702882178,0.43336824744527047
Rhea,τ,10.5,507,0.6428057329468331,0.4775030666084055,0.7129115116504645,0.4681782817063707
Rhea,τ,11.5,766,0.6477719361122857,0.4976995949643739,0.7110370595564692,0.5048480625013597
Rhea,τ,12.5,1481,0.674709369493785,0.6199745814548776,0.7143828894298567,0.5385839481977713
Rhea,τ,13.5,1507,0.6773926101956085,0.5958941808981905,0.7147759805847096,0.5636358201648614
Rhea,τ,14.5,1120,0.6647932467729105,0.5319340893407319,0.7140596163388939,0.5737598847601784
Rhea,τ,15.5,553,0.6747230123686914,0.5776078081180777,0.7141802249351138,0.565025912666102
Rhea,τ,16.5,702,0.6721824860099641,0.5092618656660819,0.7147848500647418,0.5395025030746736
Rhea,τ,17.5,829,0.678061174865947,0.5743887670044836,0.7148741183727905,0.5061155820075038
Rhea,τ,18.5,1117,0.6670553602652659,0.49768091982716345,0.7149308363260832,0.4771391826869751
Rhea,τ,19.5,521,0.6456838495859288,0.4753974003034122,0.7143708299235082,0.46330994507323436
Rhea,τ,20.5,494,0.6709484886946628,0.5259264268432817,0.7145466666852553,0.4709384497412422
Rhea,τ,21.5,434,0.6826802829953562,0.5819698779682759,0.7146401199339546,0.5006768758316801
Rhea,τ,22.5,434,0.6570923299480755,0.5034153871255578,0.7146892265013722,0.5457779777290636
Rhea,τ,23.5,555,0.6671151796135439,0.5279890070750947,0.7148487275730739,0.5905271861962758
Robert,B,0.5,181,1.5490676113719004,1.4891369218537207,1.6156524350183439,1.5656064592667447
Robert,B,1.5,53,1.6507478081355926,1.5057664149878383,1.9768630879119649,1.580265631453818
Robert,B,2.5,48,1.5959593994701524,1.44891305912468,1.9484487684364082,1.684693553365579
Robert,B,3.5,421,1.7862838341737184,1.522875994187551,1.9915135916924065,1.8572170911533707
Robert,B,4.5,275,1.5964077863593322,1.249996136081228,1.9787401271064389,2.0530988557765855
Robert,B,5.5,796,1.7829882089260445,1.3998619575028701,1.996847589756554,2.2148280972575978
Robert,B,6.5,970,1.6224888238078738,1.249178759151031,1.9868908689512348,2.302351819345239
Robert,B,7.5,564,1.538991001845966,1.2496161345224508,1.8026666080425628,2.3193173976874233
Robert,B,8.5,444,1.6877879165194158,1.3510058712941868,1.9985745931769747,2.3068919478841172
Robert,B,9.5,700,1.7170738995876282,1.2523007942337838,1.9981645851390097,2.313178598005461
Robert,B,10.5,823,1.786497463476272,1.2495125229345725,1.9990432375598244,2.367132921558339
Robert,B,11.5,1104,1.8777114089794986,1.5053704491514825,1.9990802994517671,2.4688887341828414
Robert,B,12.5,1589,1.8704742038648223,1.5250046016967527,1.9990372141192867,2.5926385241820165
Robert,B,13.5,651,1.8720056092136903,1.533613132165294,1.998981894529981,2.69969883586674
Robert,B,14.5,1386,1.8741347128903876,1.543536366126139,1.9988808970119556,2.758974341543245
Robert,B,15.5,1373,1.8616522259030133,1.526518950825531,1.9989003314953786,2.7622149460674805
Robert,B,16.5,1251,1.8808390591722057,1.5263969669582695,1.9987592872296167,2.7208726255786497
Robert,B,17.5,1398,1.8779795190082997,1.5501955458770826,1.998831144222406,2.6485536528826534
Robert,B,18.5,1018,1.797950716432203,1.4837999905730561,1.997640235213061,2.5465480748972036
Robert,B,19.5,916,1.823351232506074,1.5217080407874226,1.9990644673894067,2.4051520787832263
Robert,B,20.5,622,1.6676171686847618,1.4177987790320943,1.9861097522401543,2.2194855066491836
Robert,B,21.5,676,1.6189469867363828,1.464745608846254,1.921985678474764,2.0054823037777414
Robert,B,22.5,691,1.5816228132717294,1.3432653300536985,1.9726043733257772,1.7997302830403368
Robert,B,23.5,717,1.4957419394623093,1.2711560795255243,1.579410288726996,1.6432279934084684
Robert,v,0.5,181,0.7979925966717986,0.7629954003445647,0.8184215336550706,0.7564037888948618
Robert,v,1.5,53,0.791533932902377,0.7725987070741202,0.8178328871030422,0.6744722622871444
Robert,v,2.5,48,0.7766093297402575,0.698947347654972,0.8165612088499123,0.624221465065897
Robert,v,3.5,421,0.7919512385776525,0.7895443921939151,0.8161954843535014,0.5906095993105265
Robert,v,4.5,275,0.7021899949739094,0.3911655883160512,0.8178525011106483,0.5479920530302216
Robert,v,5.5,796,0.7559266909607478,0.6010736095234666,0.8175383897806898,0.481195505762224
Robert,v,6.5,970,0.6852733675254482,0.38930610930463794,0.8178273685101126,0.4006773563204576
Robert,v,7.5,564,0.7077821969457385,0.3900634100012383,0.8184124082541445,0.3323472160895207
Robert,v,8.5,444,0.7325329500766046,0.40954290657800396,0.8186323762475884,0.2964905096734216
Robert,v,9.5,700,0.6964799594717479,0.3904393237244844,0.8171621731566717,0.3033321762462173
Robert,v,10.5,823,0.6761679885903611,0.38930572525427126,0.8089168909070318,0.3609278749061347
Robert,v,11.5,1104,0.7486382735787743,0.6747616499155665,0.8147298661507234,0.47546267564681655
Robert,v,12.5,1589,0.777477989072368,0.7892801599935866,0.8155048401334991,0.6321516019432348
Robert,v,13.5,651,0.7970099309534999,0.7893091922897575,0.8170072566943763,0.7735815526076139
Robert,v,14.5,1386,0.7959363088863599,0.7893156592576978,0.8175730510290345,0.8305478532127197
Robert,v,15.5,1373,0.7818612482415861,0.7892860430792887,0.8159103124742297,0.7956375832003326
Robert,v,16.5,1251,0.7825057117689408,0.789283758752754,0.8119184498172793,0.7278993546062921
Robert,v,17.5,1398,0.793948906389102,0.7893140902176934,0.8159327211415484,0.6885590713066282
Robert,v,18.5,1018,0.7552959105811483,0.6846810232290816,0.8175216838733612,0.7064226424432832
Robert,v,19.5,916,0.7857573333801273,0.7892771515451649,0.8165743863624844,0.7804985580086081
Robert,v,20.5,622,0.7676202220439832,0.6521989438670349,0.8182887980203775,0.8804814155061137
Robert,v,21.5,676,0.7753921353672816,0.7143658073209906,0.8184132943014382,0.94951116780515
Robert,v,22.5,691,0.753405882472491,0.5368643290823157,0.8179697825854838,0.9400876119771574
Robert,v,23.5,717,0.7404219667943153,0.42430460703282813,0.8190064917141124,0.8591226169404116
Robert,a₀,0.5,181,0.6422894361222947,0.632792129044634,0.6502472225579427,0.5793121635368123
Robert,a₀,1.5,53,0.6272976614612314,0.5793746374460556,0.6482024441907184,0.5649240465464632
Robert,a₀,2.5,48,0.6347460333347593,0.5826975003160189,0.6544201712956625,0.5507522699503818
Robert,a₀,3.5,421,0.6068396060484004,0.5761952047858664,0.6466867419055384,0.5447892531055141
Robert,a₀,4.5,275,0.6325770926792387,0.5781187836782923,0.6755044361335435,0.5523634673393463
Robert,a₀,5.5,796,0.6139664765214043,0.5754353927087987,0.6613325811454076,0.5726553064007711
Robert,a₀,6.5,970,0.6408039673532439,0.5775213685880844,0.6756413457951316,0.5984201906150923
Robert,a₀,7.5,564,0.6463720246178679,0.6061721898329628,0.6756099190595477,0.6194816872400218
Robert,a₀,8.5,444,0.640231706141811,0.5752673764282008,0.6748945297437919,0.6278149826453931
Robert,a₀,9.5,700,0.6408663601004713,0.5755527658793349,0.6755636996491885,0.6208540034480649
Robert,a₀,10.5,823,0.6300127102888987,0.5751494359416194,0.6756363751439328,0.6021056621518736
Robert,a₀,11.5,1104,0.6096440760442833,0.5750840562218886,0.6566163792486075,0.5796254843482749
Robert,a₀,12.5,1589,0.5964405993931439,0.5750691533576892,0.6464519720687754,0.5623296139504127
Robert,a₀,13.5,651,0.5942142887010926,0.5750767783648414,0.6450403476713588,0.555543283914314
Robert,a₀,14.5,1386,0.5952180918532456,0.5750916152330507,0.6438845439137038,0.5587718416099583
Robert,a₀,15.5,1373,0.6005579215080327,0.5750943639957374,0.6463317905447261,0.5670192196165775
Robert,a₀,16.5,1251,0.5926409289824598,0.5751100778557614,0.6462516033338405,0.5744068203253383
Robert,a₀,17.5,1398,0.593853712441008,0.5751091101007428,0.6426633718246167,0.5776520591528693
Robert,a₀,18.5,1018,0.6216454263048008,0.575412507935071,0.6552233087676165,0.5773888426030926
Robert,a₀,19.5,916,0.6020590273346423,0.5750646866502598,0.6468785571768217,0.5768631584125261
Robert,a₀,20.5,622,0.6241883443489413,0.577047556706838,0.6578705598116836,0.5790265644358162
Robert,a₀,21.5,676,0.634863326900704,0.5869666877871947,0.6534450532472089,0.5839499713500665
Robert,a₀,22.5,691,0.6364041262956336,0.5794493953728826,0.6656891698254166,0.5883619007657762
Robert,a₀,23.5,717,0.6486395069828512,0.6382662323528195,0.6732697951324582,0.587696605856217
Robert,τ,0.5,181,0.4790848269501568,0.464355772719965,0.49168794327150517,0.3796123592906546
Robert,τ,1.5,53,0.49331281426019336,0.46950239933442733,0.5423678608838203,0.41548690066303945
Robert,τ,2.5,48,0.4828281485354808,0.4480913818439336,0.5392141468642306,0.4410224688504887
Robert,τ,3.5,421,0.5143376590817644,0.47770815605456307,0.5453738451441391,0.36594346459851546
Robert,τ,4.5,275,0.47111760861997615,0.3688265584789404,0.5435539985315153,0.19762395019406803
Robert,τ,5.5,796,0.5015148394123207,0.4226744257017445,0.5460938998969047,0.06922550825236308
Robert,τ,6.5,970,0.4615415810433569,0.3683575290447136,0.5441228185573079,0.019877468757673825
Robert,τ,7.5,564,0.4588310358580811,0.3685430679686136,0.5169419482446025,0.006935047466515632
Robert,τ,8.5,444,0.4722418197128704,0.37161960221307,0.5462532996842828,0.0042653465590424796
Robert,τ,9.5,700,0.46581075802038163,0.36864206933111143,0.5459830016162084,0.005440073062604169
Robert,τ,10.5,823,0.4731538917395727,0.36835792142446966,0.5463632454423869,0.01252949960387035
Robert,τ,11.5,1104,0.5061992846298948,0.44042237213274654,0.5464267219650558,0.035691702123175184
Robert,τ,12.5,1589,0.5227097412787821,0.4785753414443056,0.5464407116157709,0.08136941991541972
Robert,τ,13.5,651,0.5282399410814349,0.48006942297859895,0.546433201248031,0.11193311247918436
Robert,τ,14.5,1386,0.5272271415245828,0.4811792599052675,0.5464194141881296,0.09249766042188437
Robert,τ,15.5,1373,0.5197385520034118,0.478555556084921,0.5464166483328494,0.05900204615301554
Robert,τ,16.5,1251,0.5271628195521821,0.4787875625389371,0.5464018973871346,0.04137922004185591
Robert,τ,17.5,1398,0.5281361624834815,0.4821638026080799,0.5464028303546279,0.041527039865185855
Robert,τ,18.5,1018,0.49512049019155224,0.44434820094063665,0.5461155348289314,0.062445523119052306
Robert,τ,19.5,916,0.51823104659282,0.4773285382499905,0.5464448954178355,0.11887720814085967
Robert,τ,20.5,622,0.49203786217362966,0.43579566720153673,0.5445715110363956,0.22035259208269137
Robert,τ,21.5,676,0.4830574208454272,0.45199141742877247,0.5351990094767416,0.32642104457596866
Robert,τ,22.5,691,0.4768103449434687,0.40619369404613903,0.5423027766332881,0.37420393333657753
Robert,τ,23.5,717,0.4617934141097702,0.3773381303143491,0.48634787308435945,0.37367974988163905
Ron,B,0.5,299,1.5568751125366382,1.356457744792645,1.8014263951850098,1.6385409255861527
Ron,B,1.5,199,1.584513992471637,1.3510949534514782,1.8098409273960383,1.7176417079739406
Ron,B,2.5,146,1.742318056861361,1.377005424278586,1.8361443067109122,1.8178361386502913
Ron,B,3.5,423,1.5053961881862856,1.228876496169271,1.802083697640044,1.8610892073055891
Ron,B,4.5,435,1.524631103385542,1.1865924080271322,1.8064931576745962,1.7984361569073368
Ron,B,5.5,688,1.5359358181971545,1.2218329828600196,1.8223395762337633,1.6546551633788749
Ron,B,6.5,1001,1.3368617767229842,1.1601458366539157,1.7234015871593897,1.5056195249070352
Ron,B,7.5,436,1.381857453735171,1.1602289725491461,1.7764036671655279,1.4194497120117944
Ron,B,8.5,293,1.3717177629052675,1.1614072385284655,1.779590735522207,1.4275631159179927
Ron,B,9.5,698,1.3740777032836327,1.1628553034436397,1.7974106378833925,1.5252218912504958
Ron,B,10.5,807,1.4292055052304793,1.1636026556446915,1.8012813805452574,1.672297128786424
Ron,B,11.5,930,1.5318502379766898,1.2432309588476378,1.8248187016509223,1.7988313661367685
Ron,B,12.5,696,1.5638490269198861,1.2715058014488116,1.8163831269707855,1.842082412137622
Ron,B,13.5,458,1.694800512765914,1.3123528817670718,1.8305426067408561,1.7975289804963346
Ron,B,14.5,228,1.6185717939133246,1.3534451624345287,1.8135483412297089,1.7215776930202253
Ron,B,15.5,108,1.5273295464767516,1.3549817107311846,1.799622744791477,1.6828452042296123
Ron,B,16.5,508,1.6670223553231824,1.360531034996078,1.8149034887301303,1.7203429437166995
Ron,B,17.5,572,1.5948651243266656,1.3497671279963066,1.82476090590832,1.8293231410673554
Ron,B,18.5,201,1.6836971867932569,1.3932659589464151,1.8051321056572676,1.9593341283958978
Ron,B,19.5,322,1.7740185750345794,1.4653956585399666,1.846529390120584,2.0317094532570383
Ron,B,20.5,249,1.749773990323414,1.4704774462599137,1.8142918062551738,1.9930280555899977
Ron,B,21.5,349,1.7863733418819379,1.6866290431287294,1.824121946507603,1.8639991091041908
Ron,B,22.5,366,1.5608236305778447,1.3540417931034323,1.807708025582774,1.7209434139177093
Ron,B,23.5,267,1.673816620653747,1.3715234582332054,1.8148577855199095,1.6353160967036922
Ron,v,0.5,299,0.9030493146162876,0.8430214576501636,0.9629191769372827,0.8157640036096613
Ron,v,1.5,199,0.88223401643965,0.8325814105833664,0.9623085097375141,0.7630238986779891
Ron,v,2.5,146,0.8476947847780727,0.8234503741892294,0.9257785211606151,0.7096357155492575
Ron,v,3.5,423,0.882806154765336,0.7799618075788138,0.9616820530923147,0.6715835416144935
Ron,v,4.5,435,0.844811939033683,0.7154368214906548,0.9560104323026113,0.6546602079265522
Ron,v,5.5,688,0.8513854301644083,0.7193767681089478,0.9613305790140343,0.6552323569576676
Ron,v,6.5,1001,0.813721943656557,0.7141023621430392,0.957152779919088,0.6640206753642435
Ron,v,7.5,436,0.8148394907498661,0.7141215149548712,0.9415514693511986,0.6716429871400887
Ron,v,8.5,293,0.8447850502415,0.7143574904646416,0.9620916664316335,0.6745059329734674
Ron,v,9.5,698,0.838477693716265,0.7144660236875984,0.9593679964504666,0.6770935899643066
Ron,v,10.5,807,0.8507891285743068,0.7144242367256237,0.9597297303040141,0.6885045043374153
Ron,v,11.5,930,0.8651525507428156,0.7295806487686367,0.9610875563648841,0.716078307394794
Ron,v,12.5,696,0.8686533967849128,0.789275973685472,0.9623760084014019,0.7598741994499446
Ron,v,13.5,458,0.8384887724006639,0.7579345871754634,0.9523008313660498,0.8098181746623696
Ron,v,14.5,228,0.8870009815789969,0.8379609903068066,0.9633065962868674,0.848028834305905
Ron,v,15.5,108,0.9115464603826609,0.8445183630704555,0.9622383015971345,0.8587038460450567
Ron,v,16.5,508,0.8706099417757478,0.8350836893210487,0.95972830037824,0.8401553274455047
Ron,v,17.5,572,0.8769120376844852,0.8198451092940995,0.9618643132356921,0.8069713915182308
Ron,v,18.5,201,0.8708943158247224,0.8417001203034483,0.9512987599349016,0.7798005285525108
Ron,v,19.5,322,0.8361106746038193,0.8140965251202603,0.8996181206807659,0.7734054342687899
Ron,v,20.5,249,0.8543881696288751,0.8379168516613303,0.9273970445404405,0.7907505549835282
Ron,v,21.5,349,0.8417488730209316,0.8319986258947789,0.8700363480409319,0.8220139901413303
Ron,v,22.5,366,0.8997759416138593,0.8405863092776085,0.9623232058302121,0.8475962923437264
Ron,v,23.5,267,0.8764168935319882,0.838063487495903,0.9590729022799872,0.8477296475398683
Ron,a₀,0.5,299,0.37933854409133705,0.34243791261090806,0.40650133275556855,0.42317944432127075
Ron,a₀,1.5,199,0.3773122719348427,0.34198347623766945,0.4073110040354306,0.4274662558784025
Ron,a₀,2.5,146,0.35349123353354667,0.34120073460480327,0.40391601980856884,0.42663511343052546
Ron,a₀,3.5,423,0.38698677421330574,0.3421495013997651,0.4232602790190373,0.42203840319359875
Ron,a₀,4.5,435,0.3859550064254745,0.34202016785008305,0.42959542572926024,0.41744520025783677
Ron,a₀,5.5,688,0.3853620652699854,0.3415907857400884,0.42432091678718215,0.41671841758101985
Ron,a₀,6.5,1001,0.4096181290799198,0.3554302259344132,0.43212863958388154,0.42145977787659616
Ron,a₀,7.5,436,0.40333383446322535,0.34613691595014423,0.43212393102644653,0.4299479697671817
Ron,a₀,8.5,293,0.40531164462563096,0.34533624621882086,0.43196038851062235,0.43793966707324733
Ron,a₀,9.5,698,0.40560787519320607,0.34312842560666523,0.43181284801149233,0.441005377394506
Ron,a₀,10.5,807,0.398392077795137,0.3423270000200068,0.43171627617448716,0.4371240151391699
Ron,a₀,11.5,930,0.38495339467393924,0.3415382316815956,0.42153815253661026,0.4279322613506376
Ron,a₀,12.5,696,0.3789603609369365,0.34155948012648996,0.41773881290227516,0.41782057402221845
Ron,a₀,13.5,458,0.3624609096318711,0.3411327161734089,0.41270171915460613,0.41143823469426716
Ron,a₀,14.5,228,0.36996525737455643,0.34161573524502425,0.4070006157175747,0.4111636147295784
Ron,a₀,15.5,108,0.38246985899559033,0.34231942269171967,0.40674981482982536,0.41594807379321386
Ron,a₀,16.5,508,0.36466663789531634,0.34179559469250803,0.4060369611713741,0.42202555345351134
Ron,a₀,17.5,572,0.3770738398640747,0.3415537161495277,0.407420532220079,0.4251158273610032
Ron,a₀,18.5,201,0.36154681491598284,0.34205394475450307,0.4026058307109118,0.4229573934020967
Ron,a₀,19.5,322,0.34995068040256655,0.3407197914265966,0.3910351664196515,0.41663386992082063
Ron,a₀,20.5,249,0.35161333150059204,0.34156057972069265,0.39121612118892785,0.4098437080557261
Ron,a₀,21.5,349,0.3476166804043552,0.34152480215280717,0.363783820756078,0.4066174369204607
Ron,a₀,22.5,366,0.37914263916840113,0.3420507574593228,0.4068395357115434,0.4089485439580615
Ron,a₀,23.5,267,0.3617778348075165,0.34173923710880105,0.4048374228646224,0.4156804559031442
Ron,τ,0.5,299,0.5543000498593771,0.5226326203207464,0.6150124334974428,0.5067724946585687
Ron,τ,1.5,199,0.5450102042722135,0.4965543633009121,0.6157718191295727,0.46363759019041145
Ron,τ,2.5,146,0.5852668334939631,0.5252206829817311,0.617234815753711,0.4177735678668277
Ron,τ,3.5,423,0.5320459925420704,0.4383520470045569,0.6138985827195358,0.3845513254557045
Ron,τ,4.5,435,0.5162024810179048,0.4062935060157047,0.6137279935848617,0.36979334715690537
Ron,τ,5.5,688,0.5158003666093228,0.40958801279939194,0.6150791982247037,0.3710323809813513
Ron,τ,6.5,1001,0.47150162905048193,0.4062195145883345,0.5853081157388432,0.3804748712878485
Ron,τ,7.5,436,0.48360677202689734,0.4062276235166547,0.6078102428466339,0.3887992767617913
Ron,τ,8.5,293,0.4871883615378662,0.406419064590497,0.5905644090966362,0.39055198424175297
Ron,τ,9.5,698,0.48241754158571415,0.4064648472808942,0.5692132399374368,0.3878598433595277
Ron,τ,10.5,807,0.49800104346394997,0.40642008196127244,0.6003967606228531,0.3885098512405581
Ron,τ,11.5,930,0.5243743024492908,0.4216323240609467,0.6146138857386164,0.40033567196888936
Ron,τ,12.5,696,0.5421694185756816,0.4566887946519867,0.6161980961306874,0.4263284060922276
Ron,τ,13.5,458,0.5572118649421419,0.455917737155059,0.6170150364487654,0.46167814891871417
Ron,τ,14.5,228,0.5695767810284237,0.5207817822824581,0.6169839192727962,0.49359498114821515
Ron,τ,15.5,108,0.5546700532663932,0.5198724613593667,0.6144630423417028,0.5073721819058311
Ron,τ,16.5,508,0.5691029132226241,0.5203777666777765,0.616372927828311,0.49762901224061873
Ron,τ,17.5,572,0.539449805007918,0.4830920363313821,0.6149683451094993,0.47365441400602737
Ron,τ,18.5,201,0.5778799831667559,0.5251513691599116,0.6158144287036651,0.4522072387556752
Ron,τ,19.5,322,0.5850934267551464,0.519038935536379,0.6173005558972341,0.446660334027854
Ron,τ,20.5,249,0.5938766943537752,0.5279885749370835,0.6174516117331735,0.4615622180891664
Ron,τ,21.5,349,0.5934063525661869,0.5378801300616126,0.617154924003302,0.49120752598183715
Ron,τ,22.5,366,0.5523673408213983,0.5216244514979322,0.615257741046002,0.5199408901450743
Ron,τ,23.5,267,0.5833063766475699,0.5263014509624407,0.6166999814781369,0.5283516922629768
Rudy,B,0.5,450,1.685095410789731,1.4337805497582152,1.8651230385535988,2.0448668333718523
Rudy,B,1.5,179,1.689435468601639,1.5167493190775745,1.7782687563196675,2.1326658327764823
Rudy,B,2.5,821,1.742542831265671,1.5908618007736501,1.9005743869985694,2.1191267989329634
Rudy,B,3.5,1341,1.7019213909414987,1.4312920106450062,1.9009854889115487,1.9861682188144019
Rudy,B,4.5,1576,1.6262141450997307,1.3829567640506748,1.874481645328327,1.7886081610009053
Rudy,B,5.5,1572,1.458984771950855,1.2976659792634888,1.7254869164620785,1.6096617344019288
Rudy,B,6.5,1525,1.3466528289803983,1.2970818395124486,1.43396714276678,1.5085114698334459
Rudy,B,7.5,752,1.3759872514473532,1.2970818395131174,1.673868736358653,1.5059914662513874
Rudy,B,8.5,769,1.5745589656699805,1.2978541717774443,1.757933383593489,1.5916098013115234
Rudy,B,9.5,1265,1.5595207583274024,1.3756838625185681,1.7673912757788752,1.7271699477725986
Rudy,B,10.5,1639,1.6002306016782275,1.3198246165844785,1.8963629552155101,1.8531208921743956
Rudy,B,11.5,839,1.5517972078270834,1.3121824027616762,1.8973174613383115,1.9163303948709085
Rudy,B,12.5,811,1.7274427552983285,1.4391300598013625,1.9018688970469564,1.9065260512505486
Rudy,B,13.5,939,1.74180135353094,1.5378589139509553,1.8993377138785665,1.8603186570846708
Rudy,B,14.5,1179,1.678297435182629,1.4381987212456249,1.8837102254580458,1.8276672263654015
Rudy,B,15.5,1054,1.6745537111444446,1.4336970449100723,1.8969377563463816,1.8379140221864605
Rudy,B,16.5,575,1.7070911471467438,1.475437404287671,1.8819295839044496,1.8868880620568051
Rudy,B,17.5,535,1.6473910512046286,1.4420301561349067,1.729953260580635,1.9418313068127193
Rudy,B,18.5,598,1.7257703145705556,1.4702955766106662,1.900276568019629,1.9623375403478427
Rudy,B,19.5,448,1.7021729794789788,1.5015637508916795,1.84676432405078,1.9315121304258858
Rudy,B,20.5,633,1.7214235944743672,1.5621196846057197,1.8998956562518154,1.8721447784193628
Rudy,B,21.5,389,1.7045365358922042,1.4417831612467338,1.8992579952967015,1.830432892647791
Rudy,B,22.5,610,1.6557825837202285,1.441086780701736,1.8462715426117846,1.8452916076810921
Rudy,B,23.5,416,1.6930616782013161,1.463112942740648,1.8596858087107189,1.9266977808932397
Rudy,v,0.5,450,0.5932483310320122,0.5691657899317363,0.6294828840203013,0.5503792688137347
Rudy,v,1.5,179,0.5885228878669092,0.5739886152030953,0.6014659283575721,0.4808305216227198
Rudy,v,2.5,821,0.6001341969880309,0.5797452007168538,0.6361604949521033,0.4420845222880012
Rudy,v,3.5,1341,0.5863139213698364,0.5688879503494293,0.6362438262764947,0.4351277181366274
Rudy,v,4.5,1576,0.5732210741560056,0.4999956110729864,0.6303112567900406,0.44731030838069813
Rudy,v,5.5,1572,0.5222561957642645,0.3983016891421993,0.6043845759157456,0.4570631883080247
Rudy,v,6.5,1525,0.447338062861734,0.39755132039781677,0.5667667590270522,0.4450830098327568
Rudy,v,7.5,752,0.44900718743603246,0.3975513203986892,0.584748527893613,0.4104103553866068
Rudy,v,8.5,769,0.5498617385954391,0.3985448001817169,0.6052411276508948,0.37158263495860516
Rudy,v,9.5,1265,0.5645051384206459,0.4980022499631963,0.6092787828363871,0.35072446889007175
Rudy,v,10.5,1639,0.5692661488501001,0.42649072585246833,0.6351776328990422,0.3624671005631802
Rudy,v,11.5,839,0.5580922563875682,0.41621285538463787,0.6356778870663693,0.413605197666038
Rudy,v,12.5,811,0.6050054875293231,0.5691514406107687,0.6363764534517518,0.5005809929627781
Rudy,v,13.5,939,0.6025830401585697,0.577376141881558,0.6359829294745416,0.5995914262111195
Rudy,v,14.5,1179,0.5899350231290784,0.5694469974608686,0.632015344271398,0.6677579608123029
Rudy,v,15.5,1054,0.5964817502170943,0.5691306483164154,0.6353805352274566,0.6754555945447452
Rudy,v,16.5,575,0.5940272626240434,0.5719578037029298,0.6316893950734128,0.6368219797427868
Rudy,v,17.5,535,0.5831579798047298,0.5697147495945452,0.5902546116863937,0.5929647207035252
Rudy,v,18.5,598,0.5986736356708825,0.5712613861741714,0.6359770692171252,0.5763689011129675
Rudy,v,19.5,448,0.591962159054547,0.5737740407355172,0.6261565197134699,0.5973271108509715
Rudy,v,20.5,633,0.5949536814313799,0.5770333296172002,0.635957745168574,0.6443149136260026
Rudy,v,21.5,389,0.5967375110317056,0.5697130278344695,0.635862099079392,0.6856434946011956
Rudy,v,22.5,610,0.5911914437890936,0.5697379230564596,0.6250666599810462,0.684514154973632
Rudy,v,23.5,416,0.5911503399092057,0.5712199720345856,0.626736514721839,0.6305026128225618
Rudy,a₀,0.5,450,0.4474740846939038,0.36886120858525123,0.6196063456103795,0.45035302930277527
Rudy,a₀,1.5,179,0.40846204455821383,0.369360703286305,0.453580088778297,0.4540832633430428
Rudy,a₀,2.5,821,0.4664763420888911,0.36604440043378605,0.6455163100201925,0.4610066576155934
Rudy,a₀,3.5,1341,0.4538898787668329,0.3653706626046864,0.6459281792564425,0.4719666618464324
Rudy,a₀,4.5,1576,0.46294165997372155,0.3671878107285342,0.6179629992773421,0.4849816411838953
Rudy,a₀,5.5,1572,0.4654008378828883,0.41384810247397247,0.5268024439597443,0.4961692501543164
Rudy,a₀,6.5,1525,0.4829750478842612,0.42457581557711555,0.5033874299096269,0.5018194579092473
Rudy,a₀,7.5,752,0.48656425409889736,0.4160366994025135,0.5033874299096276,0.5003673938960838
Rudy,a₀,8.5,769,0.43790161037620484,0.3664798117542797,0.5033874299096273,0.4931073000748889
Rudy,a₀,9.5,1265,0.43880807644050973,0.3690782834138628,0.5349046385494484,0.48329588866973017
Rudy,a₀,10.5,1639,0.4663071265599375,0.37135498295764113,0.6410854046873143,0.47419776860070306
Rudy,a₀,11.5,839,0.48812285420900176,0.4154836404597864,0.6437176620787969,0.4672471664484428
Rudy,a₀,12.5,811,0.5225544509585865,0.3765671892105518,0.6465468409880972,0.461442527809718
Rudy,a₀,13.5,939,0.4845964751618024,0.3650698808191596,0.644879925642605,0.4543134111845208
Rudy,a₀,14.5,1179,0.4333970875140034,0.36510120554411646,0.6259864673696434,0.443857573301082
Rudy,a₀,15.5,1054,0.47897829914918866,0.3704148626557203,0.6417428858616838,0.43026151517944083
Rudy,a₀,16.5,575,0.44010476967132434,0.3651236977517333,0.6234860532168346,0.4162914593508399
Rudy,a₀,17.5,535,0.39303906437215547,0.36517775705385713,0.42439340860921,0.40604345193167196
Rudy,a₀,18.5,598,0.4715247669980103,0.36566861697321995,0.6444627862656593,0.4028386007190688
Rudy,a₀,19.5,448,0.42708457230042385,0.36534481501717575,0.6009658027365584,0.4075311608422716
Rudy,a₀,20.5,633,0.43832960308925895,0.3655689457067962,0.6443868320788586,0.4180531065377285
Rudy,a₀,21.5,389,0.46405663671387326,0.3768052690264521,0.6441349956904684,0.43038561027115646
Rudy,a₀,22.5,610,0.45024888920922385,0.36995947069961826,0.5945842422730723,0.4405953156652441
Rudy,a₀,23.5,416,0.44644001734715894,0.3693271146598863,0.6034032819088515,0.4468796714686816
Rudy,τ,0.5,450,0.6590396407506033,0.5333962337691455,0.7104144594756518,0.48508580421292086
Rudy,τ,1.5,179,0.6731526710220013,0.5816121620966639,0.706787167449727,0.4650464830611659
Rudy,τ,2.5,821,0.6841333393281651,0.6117202947594115,0.7150595331944859,0.4430215996913654
Rudy,τ,3.5,1341,0.6633831565501268,0.5317936367497542,0.715154085168526,0.42042201541186025
Rudy,τ,4.5,1576,0.6174543605562779,0.47371851053405195,0.7117349003680044,0.3993385808269133
Rudy,τ,5.5,1572,0.5153003043928024,0.3820343822159048,0.6729833641544303,0.3820658297716778
Rudy,τ,6.5,1525,0.42890062646646526,0.38137704189357047,0.5310342926846314,0.37065559900068606
Rudy,τ,7.5,752,0.4432411227546713,0.38137704189433264,0.6498275322048727,0.3666511631832031
Rudy,τ,8.5,769,0.5923970867372926,0.382246601370051,0.7038482665762269,0.3709884326120701
Rudy,τ,9.5,1265,0.5888106199618565,0.4700365376880691,0.7030877469901022,0.3839479932755183
Rudy,τ,10.5,1639,0.6017661972412373,0.406848837178841,0.7140876259420179,0.4050485459333934
Rudy,τ,11.5,839,0.5660635924512436,0.3977645506314639,0.7144594535055608,0.43286464574071015
Rudy,τ,12.5,811,0.6587143039647023,0.5345456887784793,0.7154728484961052,0.4648808318333203
Rudy,τ,13.5,939,0.6783094752089897,0.5852719603144007,0.714727119271357,0.4975917165396157
Rudy,τ,14.5,1179,0.659350342990776,0.5356880087380136,0.7116136094763008,0.5270273859952884
Rudy,τ,15.5,1054,0.6438533457160114,0.5330706591576463,0.7143393276748196,0.5496655858567427
Rudy,τ,16.5,575,0.6730838327892753,0.5560105204844424,0.7125119354808216,0.5633843806837359
Rudy,τ,17.5,535,0.6552059316125528,0.5377913300017955,0.7035343966198027,0.5679688083401965
Rudy,τ,18.5,598,0.6733561239420206,0.5515879047510951,0.7152591758827042,0.5648922509721864
Rudy,τ,19.5,448,0.6743775135285384,0.572292447272816,0.7052778234376296,0.5565110775615233
Rudy,τ,20.5,633,0.6813288214286086,0.6050344557644469,0.7150558818588121,0.5451021994883661
Rudy,τ,21.5,389,0.6644175115564218,0.5380866142485472,0.7149499169864102,0.5321572560167043
Rudy,τ,22.5,610,0.6424198880044972,0.5360000854059171,0.7087859549194064,0.5181353663844918
Rudy,τ,23.5,416,0.6628457327776243,0.5411511095983588,0.7086493921039672,0.502668402877164
