rat,rep,frac,n_trials,state,rank,occupancy,param,truth,recovered
1029,1,1.0,27385,1,3,0.12813584078875298,v,0.5653457680078668,0.5292878268383405
1029,1,1.0,27385,1,3,0.12813584078875298,B,1.5973846369224725,1.578561960113827
1029,1,1.0,27385,1,3,0.12813584078875298,a0,0.33751197416176976,0.336925655465459
1029,1,1.0,27385,1,3,0.12813584078875298,tau,0.5202791968874979,0.5226952616551099
1029,1,1.0,27385,1,3,0.12813584078875298,p_self,0.611783066397737,0.6138980404447723
1029,1,1.0,27385,2,1,0.3216359320796056,v,0.8932725283254994,0.9336871189396716
1029,1,1.0,27385,2,1,0.3216359320796056,B,1.633798536158704,1.6504464933816512
1029,1,1.0,27385,2,1,0.3216359320796056,a0,0.2517184602219363,0.24811981731408883
1029,1,1.0,27385,2,1,0.3216359320796056,tau,0.7860544345704711,0.7854635851989177
1029,1,1.0,27385,2,1,0.3216359320796056,p_self,0.7449609123577863,0.7511233353475456
1029,1,1.0,27385,3,4,0.28449881321891546,v,0.6006103310371609,0.6145008166492594
1029,1,1.0,27385,3,4,0.28449881321891546,B,1.1715417027982824,1.1739543339066105
1029,1,1.0,27385,3,4,0.28449881321891546,a0,0.3347153171021106,0.3433053268364543
1029,1,1.0,27385,3,4,0.28449881321891546,tau,0.6809741109613539,0.6787931421043587
1029,1,1.0,27385,3,4,0.28449881321891546,p_self,0.5746584179270963,0.5978117540933235
1029,1,1.0,27385,4,2,0.2657294139127259,v,0.7098823065150497,0.721307441251136
1029,1,1.0,27385,4,2,0.2657294139127259,B,1.795680910332275,1.7909468929312593
1029,1,1.0,27385,4,2,0.2657294139127259,a0,0.38418010841266126,0.38031065303401956
1029,1,1.0,27385,4,2,0.2657294139127259,tau,0.8263866477189183,0.8266520309749534
1029,1,1.0,27385,4,2,0.2657294139127259,p_self,0.9539711795946118,0.9519658712550503
1052,1,1.0,68394,1,4,0.07532824516770477,v,0.741749424262331,0.6938302472981855
1052,1,1.0,68394,1,4,0.07532824516770477,B,1.4719430297164522,1.473233917907953
1052,1,1.0,68394,1,4,0.07532824516770477,a0,0.5265984057091216,0.5252878291748276
1052,1,1.0,68394,1,4,0.07532824516770477,tau,0.4643695790635634,0.46466486169772603
1052,1,1.0,68394,1,4,0.07532824516770477,p_self,0.9200929513039785,0.9145916768294933
1052,1,1.0,68394,2,2,0.3693452642044624,v,0.8495490762619959,0.8439937945734295
1052,1,1.0,68394,2,2,0.3693452642044624,B,1.819964692781034,1.82416352211161
1052,1,1.0,68394,2,2,0.3693452642044624,a0,0.37395390363164743,0.37143690124495876
1052,1,1.0,68394,2,2,0.3693452642044624,tau,0.6900950475612075,0.6906802968134514
1052,1,1.0,68394,2,2,0.3693452642044624,p_self,0.9025112486824812,0.904248686065605
1052,1,1.0,68394,3,1,0.19111325554873235,v,0.6549214918262521,0.6705801605047309
1052,1,1.0,68394,3,1,0.19111325554873235,B,2.4743403817955305,2.4792496867950504
1052,1,1.0,68394,3,1,0.19111325554873235,a0,0.7980538008637681,0.7978988742199385
1052,1,1.0,68394,3,1,0.19111325554873235,tau,0.7044847730816189,0.7046796978700289
1052,1,1.0,68394,3,1,0.19111325554873235,p_self,0.7881098195528966,0.7964753418244377
1052,1,1.0,68394,4,3,0.36421323507910053,v,0.8965043591196146,0.8945701112220921
1052,1,1.0,68394,4,3,0.36421323507910053,B,1.4760169654147175,1.4874463174277672
1052,1,1.0,68394,4,3,0.36421323507910053,a0,0.5340415729628796,0.5346707697742864
1052,1,1.0,68394,4,3,0.36421323507910053,tau,0.5753721175036631,0.5746412664658791
1052,1,1.0,68394,4,3,0.36421323507910053,p_self,0.9099906445556136,0.911441227958003
1054,1,1.0,40919,1,3,0.4042865172658178,v,0.6280653928919168,0.6340856628910287
1054,1,1.0,40919,1,3,0.4042865172658178,B,1.489248697071165,1.478070475750994
1054,1,1.0,40919,1,3,0.4042865172658178,a0,0.5311852810298893,0.5278675624539422
1054,1,1.0,40919,1,3,0.4042865172658178,tau,0.7076360767867038,0.7090220389149394
1054,1,1.0,40919,1,3,0.4042865172658178,p_self,0.6019189744172765,0.6159880966205646
1054,1,1.0,40919,2,4,0.009653217331801852,v,0.2845617726357114,0.23616521762483636
1054,1,1.0,40919,2,4,0.009653217331801852,B,1.9285123479046318,1.879204892520244
1054,1,1.0,40919,2,4,0.009653217331801852,a0,0.2257953662719743,0.23799183504345406
1054,1,1.0,40919,2,4,0.009653217331801852,tau,0.05066179450458444,0.05131196648660358
1054,1,1.0,40919,2,4,0.009653217331801852,p_self,0.9564677633754828,0.9682180197486621
1054,1,1.0,40919,3,2,0.3159412497861629,v,0.5011984535222537,0.5149772929893163
1054,1,1.0,40919,3,2,0.3159412497861629,B,2.4296905712924866,2.4213281949028693
1054,1,1.0,40919,3,2,0.3159412497861629,a0,0.5892798832701336,0.5860302768055955
1054,1,1.0,40919,3,2,0.3159412497861629,tau,0.7583682079697893,0.7638647729978084
1054,1,1.0,40919,3,2,0.3159412497861629,p_self,0.962422298516216,0.9635372752153961
1054,1,1.0,40919,4,1,0.27011901561621743,v,0.5831940216439105,0.5660217320119687
1054,1,1.0,40919,4,1,0.27011901561621743,B,2.383768714403669,2.3787011013286286
1054,1,1.0,40919,4,1,0.27011901561621743,a0,0.5476270702631261,0.5507641720899092
1054,1,1.0,40919,4,1,0.27011901561621743,tau,0.4678189793352673,0.46988542288367435
1054,1,1.0,40919,4,1,0.27011901561621743,p_self,0.4371545323209499,0.49762056633380475
1059,1,1.0,17168,1,4,0.03075489282385834,v,1.3370907867317824e-6,0.09679947256422136
1059,1,1.0,17168,1,4,0.03075489282385834,B,1.6367611156359805,1.662036864815751
1059,1,1.0,17168,1,4,0.03075489282385834,a0,0.4086499764503617,0.39979319114736617
1059,1,1.0,17168,1,4,0.03075489282385834,tau,0.5933642658704587,0.6029829411790579
1059,1,1.0,17168,1,4,0.03075489282385834,p_self,0.630053068069149,0.6504037262030384
1059,1,1.0,17168,2,1,0.45188723205964587,v,0.7078360280647069,0.7042360287440768
1059,1,1.0,17168,2,1,0.45188723205964587,B,1.8905359179695111,1.881255814337948
1059,1,1.0,17168,2,1,0.45188723205964587,a0,0.4077874827011445,0.412295232251269
1059,1,1.0,17168,2,1,0.45188723205964587,tau,0.9447687718089782,0.9478657523067537
1059,1,1.0,17168,2,1,0.45188723205964587,p_self,0.9254023141239424,0.9213039246645383
1059,1,1.0,17168,3,3,0.2359040074557316,v,0.4820074049765469,0.48984008710662336
1059,1,1.0,17168,3,3,0.2359040074557316,B,2.272694467248372,2.291537556440893
1059,1,1.0,17168,3,3,0.2359040074557316,a0,0.4211834169324659,0.4243612977825218
1059,1,1.0,17168,3,3,0.2359040074557316,tau,1.0895467626445179,1.0958880683125873
1059,1,1.0,17168,3,3,0.2359040074557316,p_self,0.9279551206176738,0.9287908763313033
1059,1,1.0,17168,4,2,0.2814538676607642,v,0.6057561463866011,0.5796297145099406
1059,1,1.0,17168,4,2,0.2814538676607642,B,1.8294302477344095,1.8220570142682024
1059,1,1.0,17168,4,2,0.2814538676607642,a0,0.35074978257421846,0.33983242298087857
1059,1,1.0,17168,4,2,0.2814538676607642,tau,0.7988437061049258,0.8001270847705072
1059,1,1.0,17168,4,2,0.2814538676607642,p_self,0.8793201596519805,0.8694998756439405
1060,1,1.0,56849,1,4,0.13950992981406884,v,0.45103745056688943,0.48242056231319597
1060,1,1.0,56849,1,4,0.13950992981406884,B,1.3826438265730283,1.4040302868446666
1060,1,1.0,56849,1,4,0.13950992981406884,a0,0.38903367032753583,0.3965257516452324
1060,1,1.0,56849,1,4,0.13950992981406884,tau,0.6099684642641717,0.6068450408331588
1060,1,1.0,56849,1,4,0.13950992981406884,p_self,0.8065223961143007,0.8101664652607019
1060,1,1.0,56849,2,3,0.02928811412689757,v,0.25645596097485335,0.283785199948761
1060,1,1.0,56849,2,3,0.02928811412689757,B,3.085839289501122,3.07468297383261
1060,1,1.0,56849,2,3,0.02928811412689757,a0,0.34171289460325005,0.3407034217826767
1060,1,1.0,56849,2,3,0.02928811412689757,tau,5.836244128105647e-6,0.015780749418119584
1060,1,1.0,56849,2,3,0.02928811412689757,p_self,0.38572231755107655,0.41784025679129316
1060,1,1.0,56849,3,1,0.42231173811324735,v,0.6630776609720751,0.6651132127382562
1060,1,1.0,56849,3,1,0.42231173811324735,B,2.6588037035950918,2.645938144690211
1060,1,1.0,56849,3,1,0.42231173811324735,a0,0.44126728548896893,0.4402228826670088
1060,1,1.0,56849,3,1,0.42231173811324735,tau,0.834059752478034,0.8431918359706879
1060,1,1.0,56849,3,1,0.42231173811324735,p_self,0.9463958914891134,0.9473082263410352
1060,1,1.0,56849,4,2,0.4088902179457862,v,0.5517681004198816,0.5530503840449356
1060,1,1.0,56849,4,2,0.4088902179457862,B,1.8126015884198499,1.819440355126965
1060,1,1.0,56849,4,2,0.4088902179457862,a0,0.4021396967803679,0.4043914654848452
1060,1,1.0,56849,4,2,0.4088902179457862,tau,0.7270090430675128,0.7263258075410891
1060,1,1.0,56849,4,2,0.4088902179457862,p_self,0.9124630582070064,0.916015893858105
1062,1,1.0,94387,1,4,0.07576255204636231,v,0.23025697819058996,0.22840876782642006
1062,1,1.0,94387,1,4,0.07576255204636231,B,1.8482051776422743,1.8613640947576022
1062,1,1.0,94387,1,4,0.07576255204636231,a0,0.40332105048020483,0.40320007767838467
1062,1,1.0,94387,1,4,0.07576255204636231,tau,0.48690031870895434,0.4827408159043035
1062,1,1.0,94387,1,4,0.07576255204636231,p_self,0.7519009965561584,0.7563633118936057
1062,1,1.0,94387,2,1,0.4147287232351913,v,0.8985570324372217,0.8945322349255386
1062,1,1.0,94387,2,1,0.4147287232351913,B,2.0224302520137543,2.0199523538563215
1062,1,1.0,94387,2,1,0.4147287232351913,a0,0.4224704448965215,0.4217732090697815
1062,1,1.0,94387,2,1,0.4147287232351913,tau,0.7964037359056352,0.7973129729727213
1062,1,1.0,94387,2,1,0.4147287232351913,p_self,0.9019956687418462,0.9011519060239573
1062,1,1.0,94387,3,2,0.1860531641009885,v,0.47605461372505736,0.4715274552921733
1062,1,1.0,94387,3,2,0.1860531641009885,B,2.7436282686408386,2.7241257537052515
1062,1,1.0,94387,3,2,0.1860531641009885,a0,0.7988599992025761,0.7953080535120445
1062,1,1.0,94387,3,2,0.1860531641009885,tau,0.8502912599746667,0.8495769182935262
1062,1,1.0,94387,3,2,0.1860531641009885,p_self,0.7582217620503219,0.7579720885234841
1062,1,1.0,94387,4,3,0.3234555606174579,v,0.793466577106801,0.7940138130853435
1062,1,1.0,94387,4,3,0.3234555606174579,B,1.396386084669819,1.3906293584344172
1062,1,1.0,94387,4,3,0.3234555606174579,a0,0.44260143096663435,0.4419427217436218
1062,1,1.0,94387,4,3,0.3234555606174579,tau,0.6970555308300078,0.6976188608848125
1062,1,1.0,94387,4,3,0.3234555606174579,p_self,0.8430834913187714,0.8420033726558336
1064,1,1.0,66524,1,4,0.06017377187180566,v,0.49043823000644976,0.5354980667145798
1064,1,1.0,66524,1,4,0.06017377187180566,B,1.7294551536548601,1.7692752285853577
1064,1,1.0,66524,1,4,0.06017377187180566,a0,0.5580223909856526,0.5490819013775624
1064,1,1.0,66524,1,4,0.06017377187180566,tau,0.40102505408563927,0.39132459906554734
1064,1,1.0,66524,1,4,0.06017377187180566,p_self,0.6997158786587183,0.7151657440143421
1064,1,1.0,66524,2,3,0.2881666766881126,v,0.7308728245473508,0.7390220436417084
1064,1,1.0,66524,2,3,0.2881666766881126,B,1.2691106078272665,1.267994049808366
1064,1,1.0,66524,2,3,0.2881666766881126,a0,0.5038524178889172,0.5078357712543691
1064,1,1.0,66524,2,3,0.2881666766881126,tau,0.6197333307939888,0.6206843498727662
1064,1,1.0,66524,2,3,0.2881666766881126,p_self,0.8558247880955487,0.86397400479054
1064,1,1.0,66524,3,1,0.25335217365161444,v,1.015701621526682,0.9947906084789537
1064,1,1.0,66524,3,1,0.25335217365161444,B,1.7458016576434885,1.7382589790149345
1064,1,1.0,66524,3,1,0.25335217365161444,a0,0.6379062332468967,0.6342369823735432
1064,1,1.0,66524,3,1,0.25335217365161444,tau,0.7252498836555652,0.7231825577059974
1064,1,1.0,66524,3,1,0.25335217365161444,p_self,0.9388810799478455,0.9434657892123328
1064,1,1.0,66524,4,2,0.3983073777884673,v,0.9592344578968196,0.9630774691471999
1064,1,1.0,66524,4,2,0.3983073777884673,B,1.765044542585196,1.7620482014102374
1064,1,1.0,66524,4,2,0.3983073777884673,a0,0.41429815373252327,0.4148261044448962
1064,1,1.0,66524,4,2,0.3983073777884673,tau,0.7643613381699261,0.7644684820991718
1064,1,1.0,66524,4,2,0.3983073777884673,p_self,0.9460752018765795,0.9504297502222764
1065,1,1.0,45974,1,2,0.3133292730673859,v,0.6632829107034734,0.670522574745809
1065,1,1.0,45974,1,2,0.3133292730673859,B,1.6743600007029835,1.6957251761912548
1065,1,1.0,45974,1,2,0.3133292730673859,a0,0.4100432792940315,0.41024960423143997
1065,1,1.0,45974,1,2,0.3133292730673859,tau,0.720824736739647,0.7214662003719503
1065,1,1.0,45974,1,2,0.3133292730673859,p_self,0.8291021902840886,0.8160767785876668
1065,1,1.0,45974,2,1,0.3810197067907948,v,0.5464851196650504,0.5400267988449795
1065,1,1.0,45974,2,1,0.3810197067907948,B,2.1807911676142306,2.2033934490001528
1065,1,1.0,45974,2,1,0.3810197067907948,a0,0.29315666352589204,0.29313830048312683
1065,1,1.0,45974,2,1,0.3810197067907948,tau,0.9031535341919076,0.9027657114739178
1065,1,1.0,45974,2,1,0.3810197067907948,p_self,0.872715007822158,0.8608737634832433
1065,1,1.0,45974,3,3,0.19393570278853264,v,0.3786340489433477,0.3675490894282004
1065,1,1.0,45974,3,3,0.19393570278853264,B,2.8706461110563297,2.880035032963937
1065,1,1.0,45974,3,3,0.19393570278853264,a0,0.8100189776078677,0.8142826535036893
1065,1,1.0,45974,3,3,0.19393570278853264,tau,0.6685739622598431,0.6719505382332522
1065,1,1.0,45974,3,3,0.19393570278853264,p_self,0.821019224458613,0.8118342298171438
1065,1,1.0,45974,4,4,0.11171531735328664,v,1.0000000325242388e-9,7.720152001063873e-11
1065,1,1.0,45974,4,4,0.11171531735328664,B,1.8850242639343278,1.8707243573518988
1065,1,1.0,45974,4,4,0.11171531735328664,a0,0.6857894409174349,0.6844654422498235
1065,1,1.0,45974,4,4,0.11171531735328664,tau,0.2790568741861023,0.27829500713892874
1065,1,1.0,45974,4,4,0.11171531735328664,p_self,0.7632376354116743,0.7698873708565783
1072,1,1.0,45003,1,3,0.13396884652134303,v,0.5020618316240364,0.5205605029582077
1072,1,1.0,45003,1,3,0.13396884652134303,B,1.350265551330297,1.3390859296643849
1072,1,1.0,45003,1,3,0.13396884652134303,a0,0.5621708336431366,0.5660913659070541
1072,1,1.0,45003,1,3,0.13396884652134303,tau,0.49713505483588233,0.49876872069750117
1072,1,1.0,45003,1,3,0.13396884652134303,p_self,0.9377447498004899,0.9357586309965215
1072,1,1.0,45003,2,1,0.4598804524142835,v,0.8390802270406186,0.8331441967177345
1072,1,1.0,45003,2,1,0.4598804524142835,B,2.0060418161283082,1.9975274262226583
1072,1,1.0,45003,2,1,0.4598804524142835,a0,0.5932130082126261,0.5930433851429502
1072,1,1.0,45003,2,1,0.4598804524142835,tau,0.752884539083127,0.7523378136408971
1072,1,1.0,45003,2,1,0.4598804524142835,p_self,0.901639029218704,0.8972474090656525
1072,1,1.0,45003,3,4,0.05706286247583495,v,0.1638515335537962,0.1729492980937961
1072,1,1.0,45003,3,4,0.05706286247583495,B,3.47384785337015,3.453985412242167
1072,1,1.0,45003,3,4,0.05706286247583495,a0,0.5067630220675587,0.5163044752157875
1072,1,1.0,45003,3,4,0.05706286247583495,tau,2.6336619329908497e-9,0.0009995442400114335
1072,1,1.0,45003,3,4,0.05706286247583495,p_self,0.42692528248263023,0.4798802618706416
1072,1,1.0,45003,4,2,0.34908783858853853,v,0.6425406935832939,0.6244876003827825
1072,1,1.0,45003,4,2,0.34908783858853853,B,1.4545024892879732,1.455207383022227
1072,1,1.0,45003,4,2,0.34908783858853853,a0,0.5659838684446566,0.5622942362945512
1072,1,1.0,45003,4,2,0.34908783858853853,tau,0.6344603308754939,0.6344448730743638
1072,1,1.0,45003,4,2,0.34908783858853853,p_self,0.8957875893801651,0.8923254227283851
Denna,1,1.0,5093,1,2,0.38994698605929706,v,0.7461551306402006,0.7441025890939243
Denna,1,1.0,5093,1,2,0.38994698605929706,B,1.747003071099824,1.7208800521157834
Denna,1,1.0,5093,1,2,0.38994698605929706,a0,0.5331030337205145,0.5325002164614461
Denna,1,1.0,5093,1,2,0.38994698605929706,tau,0.7094755864406397,0.7147880283168156
Denna,1,1.0,5093,1,2,0.38994698605929706,p_self,0.8329389343859691,0.8237985236651024
Denna,1,1.0,5093,2,1,0.26506970351462794,v,0.6278008546536172,0.642998159441643
Denna,1,1.0,5093,2,1,0.26506970351462794,B,2.91727094865288,2.9540347123968473
Denna,1,1.0,5093,2,1,0.26506970351462794,a0,0.1673836627421216,0.1642345940960826
Denna,1,1.0,5093,2,1,0.26506970351462794,tau,0.903499261182438,0.906720172692648
Denna,1,1.0,5093,2,1,0.26506970351462794,p_self,0.7080224379095335,0.7223676719957011
Denna,1,1.0,5093,3,3,0.2634989200863931,v,0.5203984629469097,0.45889938491851723
Denna,1,1.0,5093,3,3,0.2634989200863931,B,1.6170214203516855,1.6108875125957343
Denna,1,1.0,5093,3,3,0.2634989200863931,a0,0.6400641158847629,0.6300509555632582
Denna,1,1.0,5093,3,3,0.2634989200863931,tau,0.6209623131267168,0.6129151062377459
Denna,1,1.0,5093,3,3,0.2634989200863931,p_self,0.9768918867991386,0.9808768793699483
Denna,1,1.0,5093,4,4,0.08148439033968191,v,1.0000000065814349e-9,1.1018124721866414e-11
Denna,1,1.0,5093,4,4,0.08148439033968191,B,1.4367603863467548,1.4334416841502182
Denna,1,1.0,5093,4,4,0.08148439033968191,a0,0.49383885931615906,0.4952008293839438
Denna,1,1.0,5093,4,4,0.08148439033968191,tau,0.547800738795202,0.5387954891915586
Denna,1,1.0,5093,4,4,0.08148439033968191,p_self,0.701599467175666,0.6481521103184409
Dopey,1,1.0,12774,1,4,0.021919524033192424,v,0.4647825466032802,0.448443534114374
Dopey,1,1.0,12774,1,4,0.021919524033192424,B,1.6249325928850307,1.5824655713128262
Dopey,1,1.0,12774,1,4,0.021919524033192424,a0,0.47087199412847897,0.4780460798879159
Dopey,1,1.0,12774,1,4,0.021919524033192424,tau,0.44844886101212617,0.44567247068686056
Dopey,1,1.0,12774,1,4,0.021919524033192424,p_self,0.9824767783526573,0.9685998952521794
Dopey,1,1.0,12774,2,3,0.2107405667762643,v,0.4618986843962709,0.43733082602656315
Dopey,1,1.0,12774,2,3,0.2107405667762643,B,2.3388493236196104,2.3994035972940106
Dopey,1,1.0,12774,2,3,0.2107405667762643,a0,0.20177702418704763,0.1958682612493642
Dopey,1,1.0,12774,2,3,0.2107405667762643,tau,0.9643446177138644,0.9615257188470184
Dopey,1,1.0,12774,2,3,0.2107405667762643,p_self,0.7446295999880076,0.7527693897309874
Dopey,1,1.0,12774,3,1,0.4539689995302959,v,0.7947981342727394,0.7823915158609213
Dopey,1,1.0,12774,3,1,0.4539689995302959,B,1.5073131782339801,1.5104652589394223
Dopey,1,1.0,12774,3,1,0.4539689995302959,a0,0.41133503887164613,0.4156571553661223
Dopey,1,1.0,12774,3,1,0.4539689995302959,tau,0.779300359263994,0.7777164660779238
Dopey,1,1.0,12774,3,1,0.4539689995302959,p_self,0.8060661784562221,0.8219353528731326
Dopey,1,1.0,12774,4,2,0.3133709096602474,v,0.7230413431888082,0.7788461877783568
Dopey,1,1.0,12774,4,2,0.3133709096602474,B,1.608327388915974,1.5880059980472065
Dopey,1,1.0,12774,4,2,0.3133709096602474,a0,0.5147168410952022,0.5195932617460112
Dopey,1,1.0,12774,4,2,0.3133709096602474,tau,0.620815219746069,0.6216845771524023
Dopey,1,1.0,12774,4,2,0.3133709096602474,p_self,0.8951472337798388,0.8687508319955115
Draco,1,1.0,12453,1,4,0.37211916807195056,v,0.40530697288889456,0.37414054627145604
Draco,1,1.0,12453,1,4,0.37211916807195056,B,1.3782391564456584,1.3938990985982689
Draco,1,1.0,12453,1,4,0.37211916807195056,a0,0.3645576926430046,0.3672317209862137
Draco,1,1.0,12453,1,4,0.37211916807195056,tau,0.5880102535470566,0.5872523097347163
Draco,1,1.0,12453,1,4,0.37211916807195056,p_self,0.5512805614482444,0.5657239566580239
Draco,1,1.0,12453,2,2,0.316229021119409,v,0.7245299711579013,0.7964462224304439
Draco,1,1.0,12453,2,2,0.316229021119409,B,1.2665013367346962,1.2520546272077488
Draco,1,1.0,12453,2,2,0.316229021119409,a0,0.4163114356124642,0.4113736297017559
Draco,1,1.0,12453,2,2,0.316229021119409,tau,0.5338358816676416,0.5365319550394791
Draco,1,1.0,12453,2,2,0.316229021119409,p_self,0.9214648721801378,0.9133495345321816
Draco,1,1.0,12453,3,1,0.27623865735164216,v,1.3221506442255786,1.474599232551121
Draco,1,1.0,12453,3,1,0.27623865735164216,B,2.2197734020273248,2.277950893438078
Draco,1,1.0,12453,3,1,0.27623865735164216,a0,0.19997209871682944,0.19615728851256792
Draco,1,1.0,12453,3,1,0.27623865735164216,tau,0.676907427096059,0.6753637556596761
Draco,1,1.0,12453,3,1,0.27623865735164216,p_self,0.3845990596674426,0.3503193961530199
Draco,1,1.0,12453,4,3,0.03541315345699832,v,0.2527409644754138,0.2481108803104284
Draco,1,1.0,12453,4,3,0.03541315345699832,B,3.1135576728214263,3.143984869584583
Draco,1,1.0,12453,4,3,0.03541315345699832,a0,0.2667393550256553,0.2595301238892668
Draco,1,1.0,12453,4,3,0.03541315345699832,tau,9.668906104242632e-6,0.0009066533628035489
Draco,1,1.0,12453,4,3,0.03541315345699832,p_self,0.370560895603306,0.26844685032110027
Randy,1,1.0,8382,1,4,0.07814364113576712,v,0.7527984647977394,0.7846955775342029
Randy,1,1.0,8382,1,4,0.07814364113576712,B,1.5310535951345599,1.5133674132467945
Randy,1,1.0,8382,1,4,0.07814364113576712,a0,0.402777449295945,0.38482015193007135
Randy,1,1.0,8382,1,4,0.07814364113576712,tau,0.4601922805269029,0.4649038643348516
Randy,1,1.0,8382,1,4,0.07814364113576712,p_self,0.9202305647727557,0.9118803074049557
Randy,1,1.0,8382,2,3,0.3088761632068719,v,0.8319358451784068,0.8691289902399504
Randy,1,1.0,8382,2,3,0.3088761632068719,B,1.4055625859235499,1.4284557914310076
Randy,1,1.0,8382,2,3,0.3088761632068719,a0,0.4000660650774445,0.40405501547097694
Randy,1,1.0,8382,2,3,0.3088761632068719,tau,0.6833572427413118,0.6822902310795733
Randy,1,1.0,8382,2,3,0.3088761632068719,p_self,0.6758773096861125,0.6891346854485293
Randy,1,1.0,8382,3,1,0.2264376043903603,v,1.8948580626407938,2.0024809629209033
Randy,1,1.0,8382,3,1,0.2264376043903603,B,2.441567734086318,2.5170017135309526
Randy,1,1.0,8382,3,1,0.2264376043903603,a0,0.23037507844448446,0.21316917623245438
Randy,1,1.0,8382,3,1,0.2264376043903603,tau,0.5776852499990242,0.582614412350409
Randy,1,1.0,8382,3,1,0.2264376043903603,p_self,0.5325330710338562,0.493057191294713
Randy,1,1.0,8382,4,2,0.3865425912670007,v,1.0654034783926523,1.0600430643524368
Randy,1,1.0,8382,4,2,0.3865425912670007,B,2.2197820306921385,2.239785812149046
Randy,1,1.0,8382,4,2,0.3865425912670007,a0,0.30288684195165433,0.29674591348890467
Randy,1,1.0,8382,4,2,0.3865425912670007,tau,0.6601067937408027,0.6589713470236935
Randy,1,1.0,8382,4,2,0.3865425912670007,p_self,0.9664908475157682,0.9699560342944509
Remy,1,1.0,23482,1,4,0.1271186440677966,v,0.5733043800916808,0.5369998240196993
Remy,1,1.0,23482,1,4,0.1271186440677966,B,1.1917411125509203,1.1969859051932452
Remy,1,1.0,23482,1,4,0.1271186440677966,a0,0.4404575795750686,0.4384184321043135
Remy,1,1.0,23482,1,4,0.1271186440677966,tau,0.3599685419194402,0.3598185659990283
Remy,1,1.0,23482,1,4,0.1271186440677966,p_self,0.8763859448328958,0.8862821262390693
Remy,1,1.0,23482,2,2,0.31062090111574825,v,0.8404553218821815,0.850482702430012
Remy,1,1.0,23482,2,2,0.31062090111574825,B,1.3275823564201545,1.3115656906744628
Remy,1,1.0,23482,2,2,0.31062090111574825,a0,0.39230740571303874,0.3920488424255515
Remy,1,1.0,23482,2,2,0.31062090111574825,tau,0.5812280736260056,0.5803937916812862
Remy,1,1.0,23482,2,2,0.31062090111574825,p_self,0.8379773272862633,0.8274136269362284
Remy,1,1.0,23482,3,3,0.2701217954177668,v,0.8055281851070804,0.7833421578113665
Remy,1,1.0,23482,3,3,0.2701217954177668,B,1.199880503228307,1.2080882734802936
Remy,1,1.0,23482,3,3,0.2701217954177668,a0,0.38348430317611104,0.3839407618671253
Remy,1,1.0,23482,3,3,0.2701217954177668,tau,0.49487322842049636,0.4924972553540226
Remy,1,1.0,23482,3,3,0.2701217954177668,p_self,0.9108089158832333,0.9106640964796601
Remy,1,1.0,23482,4,1,0.2921386593986884,v,0.9957705571649762,0.9911201258742924
Remy,1,1.0,23482,4,1,0.2921386593986884,B,1.768219603457149,1.757813183888919
Remy,1,1.0,23482,4,1,0.2921386593986884,a0,0.28892829190703356,0.2987879663298912
Remy,1,1.0,23482,4,1,0.2921386593986884,tau,0.7317363174730549,0.7282267558381261
Remy,1,1.0,23482,4,1,0.2921386593986884,p_self,0.8592171858449702,0.8568701750299621
Rhea,1,1.0,17213,1,2,0.1634810898739325,v,0.3255303124136273,0.28113522437663097
Rhea,1,1.0,17213,1,2,0.1634810898739325,B,2.786697151063869,2.7709310620205603
Rhea,1,1.0,17213,1,2,0.1634810898739325,a0,0.18040699554426215,0.18550374104826164
Rhea,1,1.0,17213,1,2,0.1634810898739325,tau,0.6656851922382241,0.6640713835709762
Rhea,1,1.0,17213,1,2,0.1634810898739325,p_self,0.7154849316816445,0.6838690136663537
Rhea,1,1.0,17213,2,4,0.00854005693371289,v,7.129082588306718e-6,2.5347725381061017e-7
Rhea,1,1.0,17213,2,4,0.00854005693371289,B,1.3998712519832268,1.3623667877143424
Rhea,1,1.0,17213,2,4,0.00854005693371289,a0,0.8745449883308131,0.8660871202819117
Rhea,1,1.0,17213,2,4,0.00854005693371289,tau,0.09463241744991235,0.09450853519334385
Rhea,1,1.0,17213,2,4,0.00854005693371289,p_self,0.6470357509780378,0.6291601733403401
Rhea,1,1.0,17213,3,3,0.21948527275896126,v,0.5939730104673706,0.5915356896617991
Rhea,1,1.0,17213,3,3,0.21948527275896126,B,1.440625977464062,1.4373658710915858
Rhea,1,1.0,17213,3,3,0.21948527275896126,a0,0.45083718270466533,0.45170932224788624
Rhea,1,1.0,17213,3,3,0.21948527275896126,tau,0.4730740727756503,0.47424078791526914
Rhea,1,1.0,17213,3,3,0.21948527275896126,p_self,0.8781496922684001,0.8810421733259522
Rhea,1,1.0,17213,4,1,0.6084935804333934,v,0.922400292795348,0.9328681495510268
Rhea,1,1.0,17213,4,1,0.6084935804333934,B,1.6070476207019193,1.6054489786494104
Rhea,1,1.0,17213,4,1,0.6084935804333934,a0,0.4495425885431462,0.45354264582367065
Rhea,1,1.0,17213,4,1,0.6084935804333934,tau,0.7163498354516022,0.7184110477604634
Rhea,1,1.0,17213,4,1,0.6084935804333934,p_self,0.9127870874163726,0.9151087413310967
Robert,1,1.0,18667,1,3,0.1006053463331012,v,0.3893301734540439,0.41495031296175305
Robert,1,1.0,18667,1,3,0.1006053463331012,B,1.248451148726604,1.269273046882204
Robert,1,1.0,18667,1,3,0.1006053463331012,a0,0.6756163879811713,0.6863891521782969
Robert,1,1.0,18667,1,3,0.1006053463331012,tau,0.3683748409712899,0.3711946434438927
Robert,1,1.0,18667,1,3,0.1006053463331012,p_self,0.9054581923399987,0.905930173628395
Robert,1,1.0,18667,2,2,0.38201103551722293,v,0.8207170223845558,0.8074997486634273
Robert,1,1.0,18667,2,2,0.38201103551722293,B,1.5248387990169474,1.5141493868374143
Robert,1,1.0,18667,2,2,0.38201103551722293,a0,0.6465176060483085,0.6430497915253558
Robert,1,1.0,18667,2,2,0.38201103551722293,tau,0.4789980892035087,0.4790713595157945
Robert,1,1.0,18667,2,2,0.38201103551722293,p_self,0.9465920137708693,0.945361733621922
Robert,1,1.0,18667,3,1,0.5091873359404296,v,0.7892651261030583,0.7782083661947808
Robert,1,1.0,18667,3,1,0.5091873359404296,B,1.9996930636046073,1.9958536797009647
Robert,1,1.0,18667,3,1,0.5091873359404296,a0,0.5749586660057007,0.572807928531436
Robert,1,1.0,18667,3,1,0.5091873359404296,tau,0.5465451175504714,0.5435852465521912
Robert,1,1.0,18667,3,1,0.5091873359404296,p_self,0.9741733299148768,0.9743581947910612
Robert,1,1.0,18667,4,4,0.008196282209246264,v,7.05155906836209e-8,2.1689393553054916e-7
Robert,1,1.0,18667,4,4,0.008196282209246264,B,4.427796823315172,4.69643838373282
Robert,1,1.0,18667,4,4,0.008196282209246264,a0,0.9925081078355605,0.9924405929382856
Robert,1,1.0,18667,4,4,0.008196282209246264,tau,0.09975710927727986,0.09959570235456144
Robert,1,1.0,18667,4,4,0.008196282209246264,p_self,0.6433478572364534,0.5975552517241824
Ron,1,1.0,10679,1,3,0.16527764771982395,v,0.7143734541268285,0.6543220284548908
Ron,1,1.0,10679,1,3,0.16527764771982395,B,1.159177529651249,1.1759442450226827
Ron,1,1.0,10679,1,3,0.16527764771982395,a0,0.4321996221193549,0.4327800471798262
Ron,1,1.0,10679,1,3,0.16527764771982395,tau,0.40643148796684175,0.4058717980609644
Ron,1,1.0,10679,1,3,0.16527764771982395,p_self,0.9108616134747407,0.9081506204859058
Ron,1,1.0,10679,2,1,0.37522239910103944,v,0.846691802583875,0.8541334020351151
Ron,1,1.0,10679,2,1,0.37522239910103944,B,1.7973134801982793,1.8304715705251984
Ron,1,1.0,10679,2,1,0.37522239910103944,a0,0.34207219445647985,0.3411719823558222
Ron,1,1.0,10679,2,1,0.37522239910103944,tau,0.6197968804887972,0.6209242664064123
Ron,1,1.0,10679,2,1,0.37522239910103944,p_self,0.9522299045930163,0.9542390966128882
Ron,1,1.0,10679,3,2,0.4372132222118176,v,0.9671766089703138,1.0229626375024448
Ron,1,1.0,10679,3,2,0.4372132222118176,B,1.3575351991215328,1.3639446511025035
Ron,1,1.0,10679,3,2,0.4372132222118176,a0,0.40627110788833015,0.39813217240946347
Ron,1,1.0,10679,3,2,0.4372132222118176,tau,0.5271141808881562,0.5248492462544694
Ron,1,1.0,10679,3,2,0.4372132222118176,p_self,0.9341288537867475,0.9384905877981992
Ron,1,1.0,10679,4,4,0.02228673096731904,v,0.19189639766358751,0.25312706073289537
Ron,1,1.0,10679,4,4,0.02228673096731904,B,3.1737428573834694,3.2194590472343974
Ron,1,1.0,10679,4,4,0.02228673096731904,a0,0.2913478834479578,0.28358207994476553
Ron,1,1.0,10679,4,4,0.02228673096731904,tau,0.001,0.000552255020965494
Ron,1,1.0,10679,4,4,0.02228673096731904,p_self,0.2861979886850173,0.2674713918900355
Rudy,1,1.0,20915,1,1,0.1973224958163997,v,0.6366252334378325,0.6063575371565347
Rudy,1,1.0,20915,1,1,0.1973224958163997,B,1.9031963045519225,1.9084918171623548
Rudy,1,1.0,20915,1,1,0.1973224958163997,a0,0.6475438009505534,0.6429372671853552
Rudy,1,1.0,20915,1,1,0.1973224958163997,tau,0.7158634431291246,0.7122424272204656
Rudy,1,1.0,20915,1,1,0.1973224958163997,p_self,0.9411932010104782,0.9409388315911207
Rudy,1,1.0,20915,2,4,0.1439158498685154,v,0.39755132039781466,0.38709570680155303
Rudy,1,1.0,20915,2,4,0.1439158498685154,B,1.2970818395124435,1.2849338178847471
Rudy,1,1.0,20915,2,4,0.1439158498685154,a0,0.5033874299096278,0.5056045388981583
Rudy,1,1.0,20915,2,4,0.1439158498685154,tau,0.38137704189356847,0.3854568172697866
Rudy,1,1.0,20915,2,4,0.1439158498685154,p_self,0.9746185331815044,0.975895686565317
Rudy,1,1.0,20915,3,2,0.3588333731771456,v,0.5854129265830177,0.5795626064023599
Rudy,1,1.0,20915,3,2,0.3588333731771456,B,1.722341568180952,1.7199428279788032
Rudy,1,1.0,20915,3,2,0.3588333731771456,a0,0.36446168497744685,0.36448068046476795
Rudy,1,1.0,20915,3,2,0.3588333731771456,tau,0.7041238424394871,0.7033201432108086
Rudy,1,1.0,20915,3,2,0.3588333731771456,p_self,0.949974655440756,0.9561499590484277
Rudy,1,1.0,20915,4,3,0.2999282811379393,v,0.5690085099270729,0.5819981558843208
Rudy,1,1.0,20915,4,3,0.2999282811379393,B,1.4294672848161556,1.4441762172708865
Rudy,1,1.0,20915,4,3,0.2999282811379393,a0,0.4159847454571089,0.4174832156276216
Rudy,1,1.0,20915,4,3,0.2999282811379393,tau,0.531203462761423,0.5304627584418414
Rudy,1,1.0,20915,4,3,0.2999282811379393,p_self,0.9122055975494068,0.9228799562358679
1029,1,0.1,2551,1,3,0.12426499411995295,v,0.5653457680078668,0.2723293798093987
1029,1,0.1,2551,1,3,0.12426499411995295,B,1.5973846369224725,1.5728693976760273
1029,1,0.1,2551,1,3,0.12426499411995295,a0,0.33751197416176976,0.3342078399627499
1029,1,0.1,2551,1,3,0.12426499411995295,tau,0.5202791968874979,0.5252668746970243
1029,1,0.1,2551,1,3,0.12426499411995295,p_self,0.611783066397737,0.6259583731603797
1029,1,0.1,2551,2,1,0.3186985495883967,v,0.8932725283254994,0.9894937744408833
1029,1,0.1,2551,2,1,0.3186985495883967,B,1.633798536158704,1.6685878686939095
1029,1,0.1,2551,2,1,0.3186985495883967,a0,0.2517184602219363,0.2291125394948344
1029,1,0.1,2551,2,1,0.3186985495883967,tau,0.7860544345704711,0.7921182306366313
1029,1,0.1,2551,2,1,0.3186985495883967,p_self,0.7449609123577863,0.7731149155014689
1029,1,0.1,2551,3,4,0.25676205409643277,v,0.6006103310371609,0.8302650847214403
1029,1,0.1,2551,3,4,0.25676205409643277,B,1.1715417027982824,1.2035604554733097
1029,1,0.1,2551,3,4,0.25676205409643277,a0,0.3347153171021106,0.32116225867483705
1029,1,0.1,2551,3,4,0.25676205409643277,tau,0.6809741109613539,0.6887063576671845
1029,1,0.1,2551,3,4,0.25676205409643277,p_self,0.5746584179270963,0.5234043423632094
1029,1,0.1,2551,4,2,0.30027440219521756,v,0.7098823065150497,0.6692288267292533
1029,1,0.1,2551,4,2,0.30027440219521756,B,1.795680910332275,1.742391745902531
1029,1,0.1,2551,4,2,0.30027440219521756,a0,0.38418010841266126,0.3715674905280396
1029,1,0.1,2551,4,2,0.30027440219521756,tau,0.8263866477189183,0.84016662244439
1029,1,0.1,2551,4,2,0.30027440219521756,p_self,0.9539711795946118,0.9537395478800252
1052,1,0.1,5800,1,4,0.06275862068965517,v,0.741749424262331,0.5435087606307007
1052,1,0.1,5800,1,4,0.06275862068965517,B,1.4719430297164522,1.4068938387326746
1052,1,0.1,5800,1,4,0.06275862068965517,a0,0.5265984057091216,0.5425999915964336
1052,1,0.1,5800,1,4,0.06275862068965517,tau,0.4643695790635634,0.45754049150928006
1052,1,0.1,5800,1,4,0.06275862068965517,p_self,0.9200929513039785,0.9098053175245542
1052,1,0.1,5800,2,2,0.36137931034482756,v,0.8495490762619959,0.7923234620791452
1052,1,0.1,5800,2,2,0.36137931034482756,B,1.819964692781034,1.812576348224637
1052,1,0.1,5800,2,2,0.36137931034482756,a0,0.37395390363164743,0.36905247539517766
1052,1,0.1,5800,2,2,0.36137931034482756,tau,0.6900950475612075,0.6882136210467554
1052,1,0.1,5800,2,2,0.36137931034482756,p_self,0.9025112486824812,0.9069345827393196
1052,1,0.1,5800,3,1,0.1746551724137931,v,0.6549214918262521,0.6833382596598347
1052,1,0.1,5800,3,1,0.1746551724137931,B,2.4743403817955305,2.5899279947648384
1052,1,0.1,5800,3,1,0.1746551724137931,a0,0.7980538008637681,0.8031226304655441
1052,1,0.1,5800,3,1,0.1746551724137931,tau,0.7044847730816189,0.7032692165417533
1052,1,0.1,5800,3,1,0.1746551724137931,p_self,0.7881098195528966,0.7807106387785494
1052,1,0.1,5800,4,3,0.40120689655172415,v,0.8965043591196146,0.9048486574246504
1052,1,0.1,5800,4,3,0.40120689655172415,B,1.4760169654147175,1.5016814944125576
1052,1,0.1,5800,4,3,0.40120689655172415,a0,0.5340415729628796,0.5282113656434153
1052,1,0.1,5800,4,3,0.40120689655172415,tau,0.5753721175036631,0.574446173807131
1052,1,0.1,5800,4,3,0.40120689655172415,p_self,0.9099906445556136,0.9279887454655362
1054,1,0.1,3723,1,3,0.3934998656997045,v,0.6280653928919168,0.5515016317570374
1054,1,0.1,3723,1,3,0.3934998656997045,B,1.489248697071165,1.4212398825523578
1054,1,0.1,3723,1,3,0.3934998656997045,a0,0.5311852810298893,0.537678764616542
1054,1,0.1,3723,1,3,0.3934998656997045,tau,0.7076360767867038,0.7137114199819724
1054,1,0.1,3723,1,3,0.3934998656997045,p_self,0.6019189744172765,0.6123843941599705
1054,1,0.1,3723,2,4,0.012624227773301102,v,0.2845617726357114,0.28918509773424167
1054,1,0.1,3723,2,4,0.012624227773301102,B,1.9285123479046318,1.9398386866450072
1054,1,0.1,3723,2,4,0.012624227773301102,a0,0.2257953662719743,0.22291280562895358
1054,1,0.1,3723,2,4,0.012624227773301102,tau,0.05066179450458444,0.058483835009920264
1054,1,0.1,3723,2,4,0.012624227773301102,p_self,0.9564677633754828,0.9331594725583431
1054,1,0.1,3723,3,2,0.3228579102874026,v,0.5011984535222537,0.48736832315930345
1054,1,0.1,3723,3,2,0.3228579102874026,B,2.4296905712924866,2.444040690599992
1054,1,0.1,3723,3,2,0.3228579102874026,a0,0.5892798832701336,0.5932304545837055
1054,1,0.1,3723,3,2,0.3228579102874026,tau,0.7583682079697893,0.7585221230732574
1054,1,0.1,3723,3,2,0.3228579102874026,p_self,0.962422298516216,0.9697613293339923
1054,1,0.1,3723,4,1,0.2710179962395917,v,0.5831940216439105,0.6297688518462168
1054,1,0.1,3723,4,1,0.2710179962395917,B,2.383768714403669,2.402183360156868
1054,1,0.1,3723,4,1,0.2710179962395917,a0,0.5476270702631261,0.5338538188154301
1054,1,0.1,3723,4,1,0.2710179962395917,tau,0.4678189793352673,0.45756773020957736
1054,1,0.1,3723,4,1,0.2710179962395917,p_self,0.4371545323209499,0.48802718069013673
1059,1,0.1,2439,1,4,0.02214022140221402,v,1.3370907867317824e-6,0.11021924040585278
1059,1,0.1,2439,1,4,0.02214022140221402,B,1.6367611156359805,1.847536719693465
1059,1,0.1,2439,1,4,0.02214022140221402,a0,0.4086499764503617,0.42972121798131413
1059,1,0.1,2439,1,4,0.02214022140221402,tau,0.5933642658704587,0.6168481699589762
1059,1,0.1,2439,1,4,0.02214022140221402,p_self,0.630053068069149,0.6808869236594124
1059,1,0.1,2439,2,1,0.44485444854448547,v,0.7078360280647069,0.6626626452290174
1059,1,0.1,2439,2,1,0.44485444854448547,B,1.8905359179695111,1.910424429266834
1059,1,0.1,2439,2,1,0.44485444854448547,a0,0.4077874827011445,0.40520862817223396
1059,1,0.1,2439,2,1,0.44485444854448547,tau,0.9447687718089782,0.9361218556720896
1059,1,0.1,2439,2,1,0.44485444854448547,p_self,0.9254023141239424,0.9230475215688942
1059,1,0.1,2439,3,3,0.2824928249282493,v,0.4820074049765469,0.5714752566714735
1059,1,0.1,2439,3,3,0.2824928249282493,B,2.272694467248372,2.309700447695419
1059,1,0.1,2439,3,3,0.2824928249282493,a0,0.4211834169324659,0.4358304845397229
1059,1,0.1,2439,3,3,0.2824928249282493,tau,1.0895467626445179,1.1133303475374234
1059,1,0.1,2439,3,3,0.2824928249282493,p_self,0.9279551206176738,0.9334760115599722
1059,1,0.1,2439,4,2,0.25051250512505124,v,0.6057561463866011,0.7309301260860763
1059,1,0.1,2439,4,2,0.25051250512505124,B,1.8294302477344095,1.7363757461627547
1059,1,0.1,2439,4,2,0.25051250512505124,a0,0.35074978257421846,0.32211975357829015
1059,1,0.1,2439,4,2,0.25051250512505124,tau,0.7988437061049258,0.8155957551546559
1059,1,0.1,2439,4,2,0.25051250512505124,p_self,0.8793201596519805,0.848318622248495
1060,1,0.1,6493,1,4,0.12243955028492222,v,0.45103745056688943,0.408604100922749
1060,1,0.1,6493,1,4,0.12243955028492222,B,1.3826438265730283,1.401199016731924
1060,1,0.1,6493,1,4,0.12243955028492222,a0,0.38903367032753583,0.39543745337164665
1060,1,0.1,6493,1,4,0.12243955028492222,tau,0.6099684642641717,0.608527729883921
1060,1,0.1,6493,1,4,0.12243955028492222,p_self,0.8065223961143007,0.7964178344007098
1060,1,0.1,6493,2,3,0.024179886031110428,v,0.25645596097485335,0.2147064849256898
1060,1,0.1,6493,2,3,0.024179886031110428,B,3.085839289501122,3.0169428119008717
1060,1,0.1,6493,2,3,0.024179886031110428,a0,0.34171289460325005,0.3396778980564604
1060,1,0.1,6493,2,3,0.024179886031110428,tau,5.836244128105647e-6,0.008801486643583399
1060,1,0.1,6493,2,3,0.024179886031110428,p_self,0.38572231755107655,0.3294474942208697
1060,1,0.1,6493,3,1,0.4423225011550901,v,0.6630776609720751,0.6572267387484325
1060,1,0.1,6493,3,1,0.4423225011550901,B,2.6588037035950918,2.666212447249673
1060,1,0.1,6493,3,1,0.4423225011550901,a0,0.44126728548896893,0.438142991022867
1060,1,0.1,6493,3,1,0.4423225011550901,tau,0.834059752478034,0.8289604451593575
1060,1,0.1,6493,3,1,0.4423225011550901,p_self,0.9463958914891134,0.9387229782921183
1060,1,0.1,6493,4,2,0.4110580625288773,v,0.5517681004198816,0.5324908304357986
1060,1,0.1,6493,4,2,0.4110580625288773,B,1.8126015884198499,1.8330847923093416
1060,1,0.1,6493,4,2,0.4110580625288773,a0,0.4021396967803679,0.3950266419679882
1060,1,0.1,6493,4,2,0.4110580625288773,tau,0.7270090430675128,0.7311473942423863
1060,1,0.1,6493,4,2,0.4110580625288773,p_self,0.9124630582070064,0.9076715684244612
1062,1,0.1,9272,1,4,0.06374029335634167,v,0.23025697819058996,0.10379339368196003
1062,1,0.1,9272,1,4,0.06374029335634167,B,1.8482051776422743,1.849791939089722
1062,1,0.1,9272,1,4,0.06374029335634167,a0,0.40332105048020483,0.4093159614481602
1062,1,0.1,9272,1,4,0.06374029335634167,tau,0.48690031870895434,0.4825384121368599
1062,1,0.1,9272,1,4,0.06374029335634167,p_self,0.7519009965561584,0.7039327768051055
1062,1,0.1,9272,2,1,0.42741587575496115,v,0.8985570324372217,0.9539552902437304
1062,1,0.1,9272,2,1,0.42741587575496115,B,2.0224302520137543,2.0365927604476703
1062,1,0.1,9272,2,1,0.42741587575496115,a0,0.4224704448965215,0.4168428797073986
1062,1,0.1,9272,2,1,0.42741587575496115,tau,0.7964037359056352,0.7983509409946241
1062,1,0.1,9272,2,1,0.42741587575496115,p_self,0.9019956687418462,0.8916902481416763
1062,1,0.1,9272,3,2,0.18992666091458155,v,0.47605461372505736,0.41683138546578646
1062,1,0.1,9272,3,2,0.18992666091458155,B,2.7436282686408386,2.644637857511024
1062,1,0.1,9272,3,2,0.18992666091458155,a0,0.7988599992025761,0.7909466436365564
1062,1,0.1,9272,3,2,0.18992666091458155,tau,0.8502912599746667,0.8470066157259283
1062,1,0.1,9272,3,2,0.18992666091458155,p_self,0.7582217620503219,0.7326253058212038
1062,1,0.1,9272,4,3,0.3189171699741156,v,0.793466577106801,0.7970441371089516
1062,1,0.1,9272,4,3,0.3189171699741156,B,1.396386084669819,1.3709254400925301
1062,1,0.1,9272,4,3,0.3189171699741156,a0,0.44260143096663435,0.43673227765798495
1062,1,0.1,9272,4,3,0.3189171699741156,tau,0.6970555308300078,0.7007867174321304
1062,1,0.1,9272,4,3,0.3189171699741156,p_self,0.8430834913187714,0.8469024613872916
1064,1,0.1,6240,1,4,0.05961538461538462,v,0.49043823000644976,0.5150924432347623
1064,1,0.1,6240,1,4,0.05961538461538462,B,1.7294551536548601,1.7555790561836253
1064,1,0.1,6240,1,4,0.05961538461538462,a0,0.5580223909856526,0.5742404020292194
1064,1,0.1,6240,1,4,0.05961538461538462,tau,0.40102505408563927,0.39291668176950967
1064,1,0.1,6240,1,4,0.05961538461538462,p_self,0.6997158786587183,0.7067223152144707
1064,1,0.1,6240,2,3,0.2799679487179487,v,0.7308728245473508,0.6936489568975173
1064,1,0.1,6240,2,3,0.2799679487179487,B,1.2691106078272665,1.2874411857595087
1064,1,0.1,6240,2,3,0.2799679487179487,a0,0.5038524178889172,0.512978948935021
1064,1,0.1,6240,2,3,0.2799679487179487,tau,0.6197333307939888,0.6137045398398623
1064,1,0.1,6240,2,3,0.2799679487179487,p_self,0.8558247880955487,0.8672568895485602
1064,1,0.1,6240,3,1,0.2548076923076923,v,1.015701621526682,0.9467518327460317
1064,1,0.1,6240,3,1,0.2548076923076923,B,1.7458016576434885,1.7127499885352107
1064,1,0.1,6240,3,1,0.2548076923076923,a0,0.6379062332468967,0.6396270405703798
1064,1,0.1,6240,3,1,0.2548076923076923,tau,0.7252498836555652,0.7332820238976101
1064,1,0.1,6240,3,1,0.2548076923076923,p_self,0.9388810799478455,0.9455814100086417
1064,1,0.1,6240,4,2,0.40560897435897436,v,0.9592344578968196,1.0020365409448202
1064,1,0.1,6240,4,2,0.40560897435897436,B,1.765044542585196,1.7600675021947931
1064,1,0.1,6240,4,2,0.40560897435897436,a0,0.41429815373252327,0.42295834700760704
1064,1,0.1,6240,4,2,0.40560897435897436,tau,0.7643613381699261,0.7615417564264878
1064,1,0.1,6240,4,2,0.40560897435897436,p_self,0.9460752018765795,0.9571663103099772
1065,1,0.1,4525,1,2,0.35138121546961326,v,0.6632829107034734,0.7347615394656212
1065,1,0.1,4525,1,2,0.35138121546961326,B,1.6743600007029835,1.6979908560233439
1065,1,0.1,4525,1,2,0.35138121546961326,a0,0.4100432792940315,0.4151891506925338
1065,1,0.1,4525,1,2,0.35138121546961326,tau,0.720824736739647,0.7175471039261018
1065,1,0.1,4525,1,2,0.35138121546961326,p_self,0.8291021902840886,0.8211934070761676
1065,1,0.1,4525,2,1,0.3485082872928177,v,0.5464851196650504,0.4968540974052565
1065,1,0.1,4525,2,1,0.3485082872928177,B,2.1807911676142306,2.168049961069998
1065,1,0.1,4525,2,1,0.3485082872928177,a0,0.29315666352589204,0.3058476097758041
1065,1,0.1,4525,2,1,0.3485082872928177,tau,0.9031535341919076,0.8918651181389969
1065,1,0.1,4525,2,1,0.3485082872928177,p_self,0.872715007822158,0.8321646692519672
1065,1,0.1,4525,3,3,0.18386740331491713,v,0.3786340489433477,0.38684003893996843
1065,1,0.1,4525,3,3,0.18386740331491713,B,2.8706461110563297,2.924763240315565
1065,1,0.1,4525,3,3,0.18386740331491713,a0,0.8100189776078677,0.8094848854735351
1065,1,0.1,4525,3,3,0.18386740331491713,tau,0.6685739622598431,0.6677145008271511
1065,1,0.1,4525,3,3,0.18386740331491713,p_self,0.821019224458613,0.8143889427632325
1065,1,0.1,4525,4,4,0.11624309392265193,v,1.0000000325242388e-9,9.979419939051449e-8
1065,1,0.1,4525,4,4,0.11624309392265193,B,1.8850242639343278,1.978137458081469
1065,1,0.1,4525,4,4,0.11624309392265193,a0,0.6857894409174349,0.6755048736867422
1065,1,0.1,4525,4,4,0.11624309392265193,tau,0.2790568741861023,0.27065667747732425
1065,1,0.1,4525,4,4,0.11624309392265193,p_self,0.7632376354116743,0.8241534348127048
1072,1,0.1,4744,1,3,0.11298482293423272,v,0.5020618316240364,0.5323486910988479
1072,1,0.1,4744,1,3,0.11298482293423272,B,1.350265551330297,1.363261305426948
1072,1,0.1,4744,1,3,0.11298482293423272,a0,0.5621708336431366,0.5568816910323733
1072,1,0.1,4744,1,3,0.11298482293423272,tau,0.49713505483588233,0.49801915144838593
1072,1,0.1,4744,1,3,0.11298482293423272,p_self,0.9377447498004899,0.9113198954353263
1072,1,0.1,4744,2,1,0.45425801011804384,v,0.8390802270406186,0.8652349512797776
1072,1,0.1,4744,2,1,0.45425801011804384,B,2.0060418161283082,1.9556919462172104
1072,1,0.1,4744,2,1,0.45425801011804384,a0,0.5932130082126261,0.590765911875723
1072,1,0.1,4744,2,1,0.45425801011804384,tau,0.752884539083127,0.7627407776822962
1072,1,0.1,4744,2,1,0.45425801011804384,p_self,0.901639029218704,0.9105431326190521
1072,1,0.1,4744,3,4,0.0581787521079258,v,0.1638515335537962,0.21456332063662317
1072,1,0.1,4744,3,4,0.0581787521079258,B,3.47384785337015,3.3543373910796417
1072,1,0.1,4744,3,4,0.0581787521079258,a0,0.5067630220675587,0.5142282794011612
1072,1,0.1,4744,3,4,0.0581787521079258,tau,2.6336619329908497e-9,0.013039701131072416
1072,1,0.1,4744,3,4,0.0581787521079258,p_self,0.42692528248263023,0.49714454749515
1072,1,0.1,4744,4,2,0.37457841483979765,v,0.6425406935832939,0.6680071992059723
1072,1,0.1,4744,4,2,0.37457841483979765,B,1.4545024892879732,1.3927110926164683
1072,1,0.1,4744,4,2,0.37457841483979765,a0,0.5659838684446566,0.5574835157255642
1072,1,0.1,4744,4,2,0.37457841483979765,tau,0.6344603308754939,0.6403117898378317
1072,1,0.1,4744,4,2,0.37457841483979765,p_self,0.8957875893801651,0.9102832133309758
Denna,1,0.1,993,1,2,0.4874118831822759,v,0.7461551306402006,0.6734567642551219
Denna,1,0.1,993,1,2,0.4874118831822759,B,1.747003071099824,1.7601344444546998
Denna,1,0.1,993,1,2,0.4874118831822759,a0,0.5331030337205145,0.5301348390699948
Denna,1,0.1,993,1,2,0.4874118831822759,tau,0.7094755864406397,0.7060844677861627
Denna,1,0.1,993,1,2,0.4874118831822759,p_self,0.8329389343859691,0.9001192841023744
Denna,1,0.1,993,2,1,0.26988922457200404,v,0.6278008546536172,0.5848733833935603
Denna,1,0.1,993,2,1,0.26988922457200404,B,2.91727094865288,2.8263791629121724
Denna,1,0.1,993,2,1,0.26988922457200404,a0,0.1673836627421216,0.14714583618785868
Denna,1,0.1,993,2,1,0.26988922457200404,tau,0.903499261182438,0.9225781098706167
Denna,1,0.1,993,2,1,0.26988922457200404,p_self,0.7080224379095335,0.7449743649775631
Denna,1,0.1,993,3,3,0.162134944612286,v,0.5203984629469097,0.37801990675127795
Denna,1,0.1,993,3,3,0.162134944612286,B,1.6170214203516855,1.6614476871985695
Denna,1,0.1,993,3,3,0.162134944612286,a0,0.6400641158847629,0.5699383030060359
Denna,1,0.1,993,3,3,0.162134944612286,tau,0.6209623131267168,0.5714752995278949
Denna,1,0.1,993,3,3,0.162134944612286,p_self,0.9768918867991386,0.947223974463468
Denna,1,0.1,993,4,4,0.08056394763343404,v,1.0000000065814349e-9,0.001838316005959415
Denna,1,0.1,993,4,4,0.08056394763343404,B,1.4367603863467548,0.05418972405714559
Denna,1,0.1,993,4,4,0.08056394763343404,a0,0.49383885931615906,0.0014719925807320444
Denna,1,0.1,993,4,4,0.08056394763343404,tau,0.547800738795202,0.6098698243763256
Denna,1,0.1,993,4,4,0.08056394763343404,p_self,0.701599467175666,9.999999999970008e-13
Dopey,1,0.1,2017,1,4,0.11452652454139811,v,0.4647825466032802,0.3794029316850068
Dopey,1,0.1,2017,1,4,0.11452652454139811,B,1.6249325928850307,1.632967320121332
Dopey,1,0.1,2017,1,4,0.11452652454139811,a0,0.47087199412847897,0.4889665882025771
Dopey,1,0.1,2017,1,4,0.11452652454139811,tau,0.44844886101212617,0.4589604190475566
Dopey,1,0.1,2017,1,4,0.11452652454139811,p_self,0.9824767783526573,0.9859443705429042
Dopey,1,0.1,2017,2,3,0.18443232523549827,v,0.4618986843962709,0.4750717031911975
Dopey,1,0.1,2017,2,3,0.18443232523549827,B,2.3388493236196104,2.319511089185707
Dopey,1,0.1,2017,2,3,0.18443232523549827,a0,0.20177702418704763,0.21209818049586876
Dopey,1,0.1,2017,2,3,0.18443232523549827,tau,0.9643446177138644,0.945931533679934
Dopey,1,0.1,2017,2,3,0.18443232523549827,p_self,0.7446295999880076,0.6906785300251368
Dopey,1,0.1,2017,3,1,0.3807635101636093,v,0.7947981342727394,0.8034196927036481
Dopey,1,0.1,2017,3,1,0.3807635101636093,B,1.5073131782339801,1.51070606530441
Dopey,1,0.1,2017,3,1,0.3807635101636093,a0,0.41133503887164613,0.42207425703373214
Dopey,1,0.1,2017,3,1,0.3807635101636093,tau,0.779300359263994,0.770984735299841
Dopey,1,0.1,2017,3,1,0.3807635101636093,p_self,0.8060661784562221,0.7982878849431474
Dopey,1,0.1,2017,4,2,0.3202776400594943,v,0.7230413431888082,0.5356950277631023
Dopey,1,0.1,2017,4,2,0.3202776400594943,B,1.608327388915974,1.524394659416462
Dopey,1,0.1,2017,4,2,0.3202776400594943,a0,0.5147168410952022,0.5184113827271128
Dopey,1,0.1,2017,4,2,0.3202776400594943,tau,0.620815219746069,0.62884357720385
Dopey,1,0.1,2017,4,2,0.3202776400594943,p_self,0.8951472337798388,0.8897153110789201
Draco,1,0.1,3105,1,4,0.3893719806763285,v,0.40530697288889456,0.3389195765231892
Draco,1,0.1,3105,1,4,0.3893719806763285,B,1.3782391564456584,1.3994201354200444
Draco,1,0.1,3105,1,4,0.3893719806763285,a0,0.3645576926430046,0.37719877311953837
Draco,1,0.1,3105,1,4,0.3893719806763285,tau,0.5880102535470566,0.5847771533667242
Draco,1,0.1,3105,1,4,0.3893719806763285,p_self,0.5512805614482444,0.49320381853249284
Draco,1,0.1,3105,2,2,0.28502415458937197,v,0.7245299711579013,0.6791412434524038
Draco,1,0.1,3105,2,2,0.28502415458937197,B,1.2665013367346962,1.2544305561460731
Draco,1,0.1,3105,2,2,0.28502415458937197,a0,0.4163114356124642,0.41967977126547007
Draco,1,0.1,3105,2,2,0.28502415458937197,tau,0.5338358816676416,0.5354618645280514
Draco,1,0.1,3105,2,2,0.28502415458937197,p_self,0.9214648721801378,0.9174376774543523
Draco,1,0.1,3105,3,1,0.28888888888888886,v,1.3221506442255786,1.3395686582231259
Draco,1,0.1,3105,3,1,0.28888888888888886,B,2.2197734020273248,2.174947799429561
Draco,1,0.1,3105,3,1,0.28888888888888886,a0,0.19997209871682944,0.20388747211047362
Draco,1,0.1,3105,3,1,0.28888888888888886,tau,0.676907427096059,0.6826309020274627
Draco,1,0.1,3105,3,1,0.28888888888888886,p_self,0.3845990596674426,0.2466455497869582
Draco,1,0.1,3105,4,3,0.03671497584541063,v,0.2527409644754138,0.49061837668821595
Draco,1,0.1,3105,4,3,0.03671497584541063,B,3.1135576728214263,3.6368641705509632
Draco,1,0.1,3105,4,3,0.03671497584541063,a0,0.2667393550256553,0.22623284774407887
Draco,1,0.1,3105,4,3,0.03671497584541063,tau,9.668906104242632e-6,0.00043395764145156743
Draco,1,0.1,3105,4,3,0.03671497584541063,p_self,0.370560895603306,0.3434875364371989
Randy,1,0.1,3624,1,4,0.10099337748344371,v,0.7527984647977394,0.8279789798069846
Randy,1,0.1,3624,1,4,0.10099337748344371,B,1.5310535951345599,1.458415614517892
Randy,1,0.1,3624,1,4,0.10099337748344371,a0,0.402777449295945,0.36314653550438364
Randy,1,0.1,3624,1,4,0.10099337748344371,tau,0.4601922805269029,0.4756166058568447
Randy,1,0.1,3624,1,4,0.10099337748344371,p_self,0.9202305647727557,0.9247254488489316
Randy,1,0.1,3624,2,3,0.34630242825607066,v,0.8319358451784068,0.8960388984113842
Randy,1,0.1,3624,2,3,0.34630242825607066,B,1.4055625859235499,1.4244038030335757
Randy,1,0.1,3624,2,3,0.34630242825607066,a0,0.4000660650774445,0.41031541381666303
Randy,1,0.1,3624,2,3,0.34630242825607066,tau,0.6833572427413118,0.6777533167497732
Randy,1,0.1,3624,2,3,0.34630242825607066,p_self,0.6758773096861125,0.6627070840704229
Randy,1,0.1,3624,3,1,0.2508278145695364,v,1.8948580626407938,2.166613668627994
Randy,1,0.1,3624,3,1,0.2508278145695364,B,2.441567734086318,2.668781902787144
Randy,1,0.1,3624,3,1,0.2508278145695364,a0,0.23037507844448446,0.21938718176309224
Randy,1,0.1,3624,3,1,0.2508278145695364,tau,0.5776852499990242,0.5769171007880658
Randy,1,0.1,3624,3,1,0.2508278145695364,p_self,0.5325330710338562,0.48495148866848403
Randy,1,0.1,3624,4,2,0.3018763796909492,v,1.0654034783926523,1.019711311774814
Randy,1,0.1,3624,4,2,0.3018763796909492,B,2.2197820306921385,2.2347396626630123
Randy,1,0.1,3624,4,2,0.3018763796909492,a0,0.30288684195165433,0.29937947633063566
Randy,1,0.1,3624,4,2,0.3018763796909492,tau,0.6601067937408027,0.6637872883990152
Randy,1,0.1,3624,4,2,0.3018763796909492,p_self,0.9664908475157682,0.9532681373424255
Remy,1,0.1,5655,1,4,0.11759504862953139,v,0.5733043800916808,0.5013042812610659
Remy,1,0.1,5655,1,4,0.11759504862953139,B,1.1917411125509203,1.143999461494239
Remy,1,0.1,5655,1,4,0.11759504862953139,a0,0.4404575795750686,0.44751531938213523
Remy,1,0.1,5655,1,4,0.11759504862953139,tau,0.3599685419194402,0.36234827519422286
Remy,1,0.1,5655,1,4,0.11759504862953139,p_self,0.8763859448328958,0.847769993608106
Remy,1,0.1,5655,2,2,0.315473032714412,v,0.8404553218821815,0.7793833342982979
Remy,1,0.1,5655,2,2,0.315473032714412,B,1.3275823564201545,1.287935832518985
Remy,1,0.1,5655,2,2,0.315473032714412,a0,0.39230740571303874,0.3783273672103197
Remy,1,0.1,5655,2,2,0.315473032714412,tau,0.5812280736260056,0.5835241590895482
Remy,1,0.1,5655,2,2,0.315473032714412,p_self,0.8379773272862633,0.798197770970215
Remy,1,0.1,5655,3,3,0.29442970822281167,v,0.8055281851070804,0.8264490712047305
Remy,1,0.1,5655,3,3,0.29442970822281167,B,1.199880503228307,1.1979738856865125
Remy,1,0.1,5655,3,3,0.29442970822281167,a0,0.38348430317611104,0.38430717816499294
Remy,1,0.1,5655,3,3,0.29442970822281167,tau,0.49487322842049636,0.4927263669884034
Remy,1,0.1,5655,3,3,0.29442970822281167,p_self,0.9108089158832333,0.911700177007493
Remy,1,0.1,5655,4,1,0.2725022104332449,v,0.9957705571649762,0.9512084030237725
Remy,1,0.1,5655,4,1,0.2725022104332449,B,1.768219603457149,1.7464214667580895
Remy,1,0.1,5655,4,1,0.2725022104332449,a0,0.28892829190703356,0.2888560537285149
Remy,1,0.1,5655,4,1,0.2725022104332449,tau,0.7317363174730549,0.7300140467672604
Remy,1,0.1,5655,4,1,0.2725022104332449,p_self,0.8592171858449702,0.8266880301381163
Rhea,1,0.1,2879,1,2,0.17471344216741924,v,0.3255303124136273,0.3587818087198291
Rhea,1,0.1,2879,1,2,0.17471344216741924,B,2.786697151063869,2.8028891569043326
Rhea,1,0.1,2879,1,2,0.17471344216741924,a0,0.18040699554426215,0.17321895285971353
Rhea,1,0.1,2879,1,2,0.17471344216741924,tau,0.6656851922382241,0.6669613909052452
Rhea,1,0.1,2879,1,2,0.17471344216741924,p_self,0.7154849316816445,0.6816029878493891
Rhea,1,0.1,2879,2,4,0.00868357068426537,v,7.129082588306718e-6,1.2494497362038068
Rhea,1,0.1,2879,2,4,0.00868357068426537,B,1.3998712519832268,2.0363947100067903
Rhea,1,0.1,2879,2,4,0.00868357068426537,a0,0.8745449883308131,0.9338506093930753
Rhea,1,0.1,2879,2,4,0.00868357068426537,tau,0.09463241744991235,0.0985661585847242
Rhea,1,0.1,2879,2,4,0.00868357068426537,p_self,0.6470357509780378,0.8012999043108551
Rhea,1,0.1,2879,3,3,0.2139631816602987,v,0.5939730104673706,0.6336900357368431
Rhea,1,0.1,2879,3,3,0.2139631816602987,B,1.440625977464062,1.4602255361071497
Rhea,1,0.1,2879,3,3,0.2139631816602987,a0,0.45083718270466533,0.45039752449138526
Rhea,1,0.1,2879,3,3,0.2139631816602987,tau,0.4730740727756503,0.47712874992470206
Rhea,1,0.1,2879,3,3,0.2139631816602987,p_self,0.8781496922684001,0.873241981340397
Rhea,1,0.1,2879,4,1,0.6026398054880167,v,0.922400292795348,0.9377017594887247
Rhea,1,0.1,2879,4,1,0.6026398054880167,B,1.6070476207019193,1.617522822360915
Rhea,1,0.1,2879,4,1,0.6026398054880167,a0,0.4495425885431462,0.4505015281340366
Rhea,1,0.1,2879,4,1,0.6026398054880167,tau,0.7163498354516022,0.7216328208481625
Rhea,1,0.1,2879,4,1,0.6026398054880167,p_self,0.9127870874163726,0.8928025021224093
Robert,1,0.1,3208,1,3,0.07793017456359103,v,0.3893301734540439,0.46152644107439633
Robert,1,0.1,3208,1,3,0.07793017456359103,B,1.248451148726604,1.3305500376916997
Robert,1,0.1,3208,1,3,0.07793017456359103,a0,0.6756163879811713,0.6832539485195178
Robert,1,0.1,3208,1,3,0.07793017456359103,tau,0.3683748409712899,0.36257473194382317
Robert,1,0.1,3208,1,3,0.07793017456359103,p_self,0.9054581923399987,0.8984512601148801
Robert,1,0.1,3208,2,2,0.3793640897755611,v,0.8207170223845558,0.8557824788035298
Robert,1,0.1,3208,2,2,0.3793640897755611,B,1.5248387990169474,1.495022000914644
Robert,1,0.1,3208,2,2,0.3793640897755611,a0,0.6465176060483085,0.6486148748094542
Robert,1,0.1,3208,2,2,0.3793640897755611,tau,0.4789980892035087,0.4868977732062219
Robert,1,0.1,3208,2,2,0.3793640897755611,p_self,0.9465920137708693,0.9448514410746597
Robert,1,0.1,3208,3,1,0.5330423940149626,v,0.7892651261030583,0.7589767747582007
Robert,1,0.1,3208,3,1,0.5330423940149626,B,1.9996930636046073,1.9570312662585156
Robert,1,0.1,3208,3,1,0.5330423940149626,a0,0.5749586660057007,0.589517427987653
Robert,1,0.1,3208,3,1,0.5330423940149626,tau,0.5465451175504714,0.548996899576737
Robert,1,0.1,3208,3,1,0.5330423940149626,p_self,0.9741733299148768,0.9756300620203143
Robert,1,0.1,3208,4,4,0.009663341645885287,v,7.05155906836209e-8,2.497083659837557e-7
Robert,1,0.1,3208,4,4,0.009663341645885287,B,4.427796823315172,1.8844234357086151
Robert,1,0.1,3208,4,4,0.009663341645885287,a0,0.9925081078355605,0.9799733278832359
Robert,1,0.1,3208,4,4,0.009663341645885287,tau,0.09975710927727986,0.09956436963646247
Robert,1,0.1,3208,4,4,0.009663341645885287,p_self,0.6433478572364534,0.6253544848940794
Ron,1,0.1,1288,1,3,0.17701863354037267,v,0.7143734541268285,0.8387658292420348
Ron,1,0.1,1288,1,3,0.17701863354037267,B,1.159177529651249,1.2199792432185328
Ron,1,0.1,1288,1,3,0.17701863354037267,a0,0.4321996221193549,0.4621306240364219
Ron,1,0.1,1288,1,3,0.17701863354037267,tau,0.40643148796684175,0.3961192363065302
Ron,1,0.1,1288,1,3,0.17701863354037267,p_self,0.9108616134747407,0.9204881861454056
Ron,1,0.1,1288,2,1,0.37577639751552794,v,0.846691802583875,0.8167255338670023
Ron,1,0.1,1288,2,1,0.37577639751552794,B,1.7973134801982793,1.7761252606355125
Ron,1,0.1,1288,2,1,0.37577639751552794,a0,0.34207219445647985,0.3334613472783867
Ron,1,0.1,1288,2,1,0.37577639751552794,tau,0.6197968804887972,0.6141555605285449
Ron,1,0.1,1288,2,1,0.37577639751552794,p_self,0.9522299045930163,0.961144642829091
Ron,1,0.1,1288,3,2,0.42624223602484473,v,0.9671766089703138,0.9478129725264585
Ron,1,0.1,1288,3,2,0.42624223602484473,B,1.3575351991215328,1.3288108072403382
Ron,1,0.1,1288,3,2,0.42624223602484473,a0,0.40627110788833015,0.40201256058677837
Ron,1,0.1,1288,3,2,0.42624223602484473,tau,0.5271141808881562,0.534089912238185
Ron,1,0.1,1288,3,2,0.42624223602484473,p_self,0.9341288537867475,0.9501901963230671
Ron,1,0.1,1288,4,4,0.02096273291925466,v,0.19189639766358751,0.2123987407648234
Ron,1,0.1,1288,4,4,0.02096273291925466,B,3.1737428573834694,2.850324356666929
Ron,1,0.1,1288,4,4,0.02096273291925466,a0,0.2913478834479578,0.35454197802652243
Ron,1,0.1,1288,4,4,0.02096273291925466,tau,0.001,0.007435857358451529
Ron,1,0.1,1288,4,4,0.02096273291925466,p_self,0.2861979886850173,0.4808113311009249
Rudy,1,0.1,2780,1,1,0.1856115107913669,v,0.6366252334378325,0.5619774622243988
Rudy,1,0.1,2780,1,1,0.1856115107913669,B,1.9031963045519225,1.8436215036613726
Rudy,1,0.1,2780,1,1,0.1856115107913669,a0,0.6475438009505534,0.6336581366866858
Rudy,1,0.1,2780,1,1,0.1856115107913669,tau,0.7158634431291246,0.7166840661495713
Rudy,1,0.1,2780,1,1,0.1856115107913669,p_self,0.9411932010104782,0.9491076722864683
Rudy,1,0.1,2780,2,4,0.1748201438848921,v,0.39755132039781466,0.2941742191983168
Rudy,1,0.1,2780,2,4,0.1748201438848921,B,1.2970818395124435,1.2634594450723449
Rudy,1,0.1,2780,2,4,0.1748201438848921,a0,0.5033874299096278,0.4921817062894649
Rudy,1,0.1,2780,2,4,0.1748201438848921,tau,0.38137704189356847,0.3896593759079748
Rudy,1,0.1,2780,2,4,0.1748201438848921,p_self,0.9746185331815044,0.9772128403900421
Rudy,1,0.1,2780,3,2,0.33992805755395683,v,0.5854129265830177,0.6480509257752579
Rudy,1,0.1,2780,3,2,0.33992805755395683,B,1.722341568180952,1.7501007013361634
Rudy,1,0.1,2780,3,2,0.33992805755395683,a0,0.36446168497744685,0.360317532722866
Rudy,1,0.1,2780,3,2,0.33992805755395683,tau,0.7041238424394871,0.7110864930564196
Rudy,1,0.1,2780,3,2,0.33992805755395683,p_self,0.949974655440756,0.9575725565515275
Rudy,1,0.1,2780,4,3,0.2996402877697842,v,0.5690085099270729,0.5990679096046168
Rudy,1,0.1,2780,4,3,0.2996402877697842,B,1.4294672848161556,1.4570831392783168
Rudy,1,0.1,2780,4,3,0.2996402877697842,a0,0.4159847454571089,0.41802664106092957
Rudy,1,0.1,2780,4,3,0.2996402877697842,tau,0.531203462761423,0.5290461619746225
Rudy,1,0.1,2780,4,3,0.2996402877697842,p_self,0.9122055975494068,0.9260171262599608
1029,1,0.25,6294,1,3,0.11598347632666031,v,0.5653457680078668,0.5194263978472515
1029,1,0.25,6294,1,3,0.11598347632666031,B,1.5973846369224725,1.6340251639426024
1029,1,0.25,6294,1,3,0.11598347632666031,a0,0.33751197416176976,0.35062986622054376
1029,1,0.25,6294,1,3,0.11598347632666031,tau,0.5202791968874979,0.5115762265553464
1029,1,0.25,6294,1,3,0.11598347632666031,p_self,0.611783066397737,0.6633343057532364
1029,1,0.25,6294,2,1,0.29774388306323485,v,0.8932725283254994,0.9407451124200215
1029,1,0.25,6294,2,1,0.29774388306323485,B,1.633798536158704,1.6705305451947945
1029,1,0.25,6294,2,1,0.29774388306323485,a0,0.2517184602219363,0.24568044431063088
1029,1,0.25,6294,2,1,0.29774388306323485,tau,0.7860544345704711,0.7886685713425866
1029,1,0.25,6294,2,1,0.29774388306323485,p_self,0.7449609123577863,0.7421460038465651
1029,1,0.25,6294,3,4,0.2824912615189069,v,0.6006103310371609,0.6323924436264001
1029,1,0.25,6294,3,4,0.2824912615189069,B,1.1715417027982824,1.2183644014123416
1029,1,0.25,6294,3,4,0.2824912615189069,a0,0.3347153171021106,0.3259561534024262
1029,1,0.25,6294,3,4,0.2824912615189069,tau,0.6809741109613539,0.6820961176105869
1029,1,0.25,6294,3,4,0.2824912615189069,p_self,0.5746584179270963,0.691364210285898
1029,1,0.25,6294,4,2,0.30378137909119796,v,0.7098823065150497,0.698955704594922
1029,1,0.25,6294,4,2,0.30378137909119796,B,1.795680910332275,1.7971856077611508
1029,1,0.25,6294,4,2,0.30378137909119796,a0,0.38418010841266126,0.3879397614653878
1029,1,0.25,6294,4,2,0.30378137909119796,tau,0.8263866477189183,0.8286466277704176
1029,1,0.25,6294,4,2,0.30378137909119796,p_self,0.9539711795946118,0.9570961780471663
1052,1,0.25,17501,1,4,0.07336723615793384,v,0.741749424262331,0.7271017216558329
1052,1,0.25,17501,1,4,0.07336723615793384,B,1.4719430297164522,1.4763445884958786
1052,1,0.25,17501,1,4,0.07336723615793384,a0,0.5265984057091216,0.5342515114324359
1052,1,0.25,17501,1,4,0.07336723615793384,tau,0.4643695790635634,0.4579576836289271
1052,1,0.25,17501,1,4,0.07336723615793384,p_self,0.9200929513039785,0.9173535009844415
1052,1,0.25,17501,2,2,0.3670647391577624,v,0.8495490762619959,0.8486133807634755
1052,1,0.25,17501,2,2,0.3670647391577624,B,1.819964692781034,1.8332453449587902
1052,1,0.25,17501,2,2,0.3670647391577624,a0,0.37395390363164743,0.3724192479385478
1052,1,0.25,17501,2,2,0.3670647391577624,tau,0.6900950475612075,0.6866296951506298
1052,1,0.25,17501,2,2,0.3670647391577624,p_self,0.9025112486824812,0.9026893182921572
1052,1,0.25,17501,3,1,0.20021713044968859,v,0.6549214918262521,0.6428364941269752
1052,1,0.25,17501,3,1,0.20021713044968859,B,2.4743403817955305,2.419216571942147
1052,1,0.25,17501,3,1,0.20021713044968859,a0,0.7980538008637681,0.7955926011227132
1052,1,0.25,17501,3,1,0.20021713044968859,tau,0.7044847730816189,0.7064155704656507
1052,1,0.25,17501,3,1,0.20021713044968859,p_self,0.7881098195528966,0.8094621139850496
1052,1,0.25,17501,4,3,0.3593508942346152,v,0.8965043591196146,0.9193750057105371
1052,1,0.25,17501,4,3,0.3593508942346152,B,1.4760169654147175,1.4587705646852844
1052,1,0.25,17501,4,3,0.3593508942346152,a0,0.5340415729628796,0.5328309884558797
1052,1,0.25,17501,4,3,0.3593508942346152,tau,0.5753721175036631,0.5742467352966089
1052,1,0.25,17501,4,3,0.3593508942346152,p_self,0.9099906445556136,0.9123044089122236
1054,1,0.25,10186,1,3,0.42411152562340465,v,0.6280653928919168,0.6539171816821737
1054,1,0.25,10186,1,3,0.42411152562340465,B,1.489248697071165,1.4604877849521951
1054,1,0.25,10186,1,3,0.42411152562340465,a0,0.5311852810298893,0.5436489274121908
1054,1,0.25,10186,1,3,0.42411152562340465,tau,0.7076360767867038,0.7203915623441484
1054,1,0.25,10186,1,3,0.42411152562340465,p_self,0.6019189744172765,0.5810745433815562
1054,1,0.25,10186,2,4,0.007952091105438838,v,0.2845617726357114,0.3305269400028931
1054,1,0.25,10186,2,4,0.007952091105438838,B,1.9285123479046318,1.9620247674289095
1054,1,0.25,10186,2,4,0.007952091105438838,a0,0.2257953662719743,0.21658903618669118
1054,1,0.25,10186,2,4,0.007952091105438838,tau,0.05066179450458444,0.057046068875298714
1054,1,0.25,10186,2,4,0.007952091105438838,p_self,0.9564677633754828,0.9627200390566444
1054,1,0.25,10186,3,2,0.2852935401531514,v,0.5011984535222537,0.49857641768744243
1054,1,0.25,10186,3,2,0.2852935401531514,B,2.4296905712924866,2.472955804173521
1054,1,0.25,10186,3,2,0.2852935401531514,a0,0.5892798832701336,0.5906929938196036
1054,1,0.25,10186,3,2,0.2852935401531514,tau,0.7583682079697893,0.7530616620378896
1054,1,0.25,10186,3,2,0.2852935401531514,p_self,0.962422298516216,0.9570808739286958
1054,1,0.25,10186,4,1,0.2826428431180051,v,0.5831940216439105,0.5732761797921706
1054,1,0.25,10186,4,1,0.2826428431180051,B,2.383768714403669,2.3247036268581693
1054,1,0.25,10186,4,1,0.2826428431180051,a0,0.5476270702631261,0.5335511197177973
1054,1,0.25,10186,4,1,0.2826428431180051,tau,0.4678189793352673,0.4809008214274803
1054,1,0.25,10186,4,1,0.2826428431180051,p_self,0.4371545323209499,0.4865361095446305
1059,1,0.25,3520,1,4,0.04147727272727273,v,1.3370907867317824e-6,0.20176317622653417
1059,1,0.25,3520,1,4,0.04147727272727273,B,1.6367611156359805,1.5075012247054893
1059,1,0.25,3520,1,4,0.04147727272727273,a0,0.4086499764503617,0.4068169548312741
1059,1,0.25,3520,1,4,0.04147727272727273,tau,0.5933642658704587,0.6078180689266529
1059,1,0.25,3520,1,4,0.04147727272727273,p_self,0.630053068069149,0.5113874514195508
1059,1,0.25,3520,2,1,0.46193181818181817,v,0.7078360280647069,0.664209989031614
1059,1,0.25,3520,2,1,0.46193181818181817,B,1.8905359179695111,1.8846996744121787
1059,1,0.25,3520,2,1,0.46193181818181817,a0,0.4077874827011445,0.4067372218201518
1059,1,0.25,3520,2,1,0.46193181818181817,tau,0.9447687718089782,0.9373389233612711
1059,1,0.25,3520,2,1,0.46193181818181817,p_self,0.9254023141239424,0.9276120394320476
1059,1,0.25,3520,3,3,0.2002840909090909,v,0.4820074049765469,0.4990720471757172
1059,1,0.25,3520,3,3,0.2002840909090909,B,2.272694467248372,2.339643735939576
1059,1,0.25,3520,3,3,0.2002840909090909,a0,0.4211834169324659,0.4518215783094823
1059,1,0.25,3520,3,3,0.2002840909090909,tau,1.0895467626445179,1.0618691957792896
1059,1,0.25,3520,3,3,0.2002840909090909,p_self,0.9279551206176738,0.91393432389692
1059,1,0.25,3520,4,2,0.2963068181818182,v,0.6057561463866011,0.6459781830089839
1059,1,0.25,3520,4,2,0.2963068181818182,B,1.8294302477344095,1.7599855082071891
1059,1,0.25,3520,4,2,0.2963068181818182,a0,0.35074978257421846,0.35648374834191887
1059,1,0.25,3520,4,2,0.2963068181818182,tau,0.7988437061049258,0.8014389306383677
1059,1,0.25,3520,4,2,0.2963068181818182,p_self,0.8793201596519805,0.8743617367171693
1060,1,0.25,14760,1,4,0.14871273712737126,v,0.45103745056688943,0.42167679035791444
1060,1,0.25,14760,1,4,0.14871273712737126,B,1.3826438265730283,1.4129545493208975
1060,1,0.25,14760,1,4,0.14871273712737126,a0,0.38903367032753583,0.383631829753203
1060,1,0.25,14760,1,4,0.14871273712737126,tau,0.6099684642641717,0.6036529210107232
1060,1,0.25,14760,1,4,0.14871273712737126,p_self,0.8065223961143007,0.7969855245711662
1060,1,0.25,14760,2,3,0.029200542005420053,v,0.25645596097485335,0.2225990408655344
1060,1,0.25,14760,2,3,0.029200542005420053,B,3.085839289501122,3.052777839335414
1060,1,0.25,14760,2,3,0.029200542005420053,a0,0.34171289460325005,0.34709059182980795
1060,1,0.25,14760,2,3,0.029200542005420053,tau,5.836244128105647e-6,0.000883370817777464
1060,1,0.25,14760,2,3,0.029200542005420053,p_self,0.38572231755107655,0.3089667107910211
1060,1,0.25,14760,3,1,0.4054878048780488,v,0.6630776609720751,0.6806197491217517
1060,1,0.25,14760,3,1,0.4054878048780488,B,2.6588037035950918,2.6750941397989445
1060,1,0.25,14760,3,1,0.4054878048780488,a0,0.44126728548896893,0.43608013211334995
1060,1,0.25,14760,3,1,0.4054878048780488,tau,0.834059752478034,0.8347117836180935
1060,1,0.25,14760,3,1,0.4054878048780488,p_self,0.9463958914891134,0.9365685485035083
1060,1,0.25,14760,4,2,0.4165989159891599,v,0.5517681004198816,0.552748272487197
1060,1,0.25,14760,4,2,0.4165989159891599,B,1.8126015884198499,1.8020387455580262
1060,1,0.25,14760,4,2,0.4165989159891599,a0,0.4021396967803679,0.400004817081759
1060,1,0.25,14760,4,2,0.4165989159891599,tau,0.7270090430675128,0.7290485406018984
1060,1,0.25,14760,4,2,0.4165989159891599,p_self,0.9124630582070064,0.9044636348099743
1062,1,0.25,25208,1,4,0.08374325610917169,v,0.23025697819058996,0.29233744243197207
1062,1,0.25,25208,1,4,0.08374325610917169,B,1.8482051776422743,1.8258401617737683
1062,1,0.25,25208,1,4,0.08374325610917169,a0,0.40332105048020483,0.4113435534504731
1062,1,0.25,25208,1,4,0.08374325610917169,tau,0.48690031870895434,0.4952095936840789
1062,1,0.25,25208,1,4,0.08374325610917169,p_self,0.7519009965561584,0.7637567092565858
1062,1,0.25,25208,2,1,0.40161853379879403,v,0.8985570324372217,0.9084833489985702
1062,1,0.25,25208,2,1,0.40161853379879403,B,2.0224302520137543,2.042655641307555
1062,1,0.25,25208,2,1,0.40161853379879403,a0,0.4224704448965215,0.4200208921870893
1062,1,0.25,25208,2,1,0.40161853379879403,tau,0.7964037359056352,0.7958203495242724
1062,1,0.25,25208,2,1,0.40161853379879403,p_self,0.9019956687418462,0.8967709298733624
1062,1,0.25,25208,3,2,0.1811726436052047,v,0.47605461372505736,0.4973104929397701
1062,1,0.25,25208,3,2,0.1811726436052047,B,2.7436282686408386,2.7947526908971114
1062,1,0.25,25208,3,2,0.1811726436052047,a0,0.7988599992025761,0.8047417820768421
1062,1,0.25,25208,3,2,0.1811726436052047,tau,0.8502912599746667,0.8513995317557483
1062,1,0.25,25208,3,2,0.1811726436052047,p_self,0.7582217620503219,0.7552521078013072
1062,1,0.25,25208,4,3,0.33346556648682957,v,0.793466577106801,0.7754874786112104
1062,1,0.25,25208,4,3,0.33346556648682957,B,1.396386084669819,1.3837941521813089
1062,1,0.25,25208,4,3,0.33346556648682957,a0,0.44260143096663435,0.4400141717939209
1062,1,0.25,25208,4,3,0.33346556648682957,tau,0.6970555308300078,0.6987585150734955
1062,1,0.25,25208,4,3,0.33346556648682957,p_self,0.8430834913187714,0.8499407129668505
1064,1,0.25,19094,1,4,0.04933486959254216,v,0.49043823000644976,0.5022283954343892
1064,1,0.25,19094,1,4,0.04933486959254216,B,1.7294551536548601,1.71937198364224
1064,1,0.25,19094,1,4,0.04933486959254216,a0,0.5580223909856526,0.5421810636865015
1064,1,0.25,19094,1,4,0.04933486959254216,tau,0.40102505408563927,0.4067950229266885
1064,1,0.25,19094,1,4,0.04933486959254216,p_self,0.6997158786587183,0.7001721348867357
1064,1,0.25,19094,2,3,0.29286686917356236,v,0.7308728245473508,0.7102985916316706
1064,1,0.25,19094,2,3,0.29286686917356236,B,1.2691106078272665,1.2697221222109878
1064,1,0.25,19094,2,3,0.29286686917356236,a0,0.5038524178889172,0.49929771512493915
1064,1,0.25,19094,2,3,0.29286686917356236,tau,0.6197333307939888,0.619460687971728
1064,1,0.25,19094,2,3,0.29286686917356236,p_self,0.8558247880955487,0.8727310796033747
1064,1,0.25,19094,3,1,0.30946894312349427,v,1.015701621526682,1.0210935432286066
1064,1,0.25,19094,3,1,0.30946894312349427,B,1.7458016576434885,1.7467144334920601
1064,1,0.25,19094,3,1,0.30946894312349427,a0,0.6379062332468967,0.6348951847143152
1064,1,0.25,19094,3,1,0.30946894312349427,tau,0.7252498836555652,0.7211624983801179
1064,1,0.25,19094,3,1,0.30946894312349427,p_self,0.9388810799478455,0.9472124652831242
1064,1,0.25,19094,4,2,0.3483293181104012,v,0.9592344578968196,0.9345834755165436
1064,1,0.25,19094,4,2,0.3483293181104012,B,1.765044542585196,1.7560626863817894
1064,1,0.25,19094,4,2,0.3483293181104012,a0,0.41429815373252327,0.4075726982775072
1064,1,0.25,19094,4,2,0.3483293181104012,tau,0.7643613381699261,0.7651904951241314
1064,1,0.25,19094,4,2,0.3483293181104012,p_self,0.9460752018765795,0.944122747183607
1065,1,0.25,11976,1,2,0.3277388109552438,v,0.6632829107034734,0.7132359085227842
1065,1,0.25,11976,1,2,0.3277388109552438,B,1.6743600007029835,1.7063527190217973
1065,1,0.25,11976,1,2,0.3277388109552438,a0,0.4100432792940315,0.4038513409892974
1065,1,0.25,11976,1,2,0.3277388109552438,tau,0.720824736739647,0.7180695347493772
1065,1,0.25,11976,1,2,0.3277388109552438,p_self,0.8291021902840886,0.852563781928145
1065,1,0.25,11976,2,1,0.3730794923179693,v,0.5464851196650504,0.565209165416043
1065,1,0.25,11976,2,1,0.3730794923179693,B,2.1807911676142306,2.1711790041328296
1065,1,0.25,11976,2,1,0.3730794923179693,a0,0.29315666352589204,0.29463626613219923
1065,1,0.25,11976,2,1,0.3730794923179693,tau,0.9031535341919076,0.9044085749878839
1065,1,0.25,11976,2,1,0.3730794923179693,p_self,0.872715007822158,0.8866725376716902
1065,1,0.25,11976,3,3,0.18837675350701402,v,0.3786340489433477,0.4057336953929416
1065,1,0.25,11976,3,3,0.18837675350701402,B,2.8706461110563297,2.890708421405807
1065,1,0.25,11976,3,3,0.18837675350701402,a0,0.8100189776078677,0.809887823638801
1065,1,0.25,11976,3,3,0.18837675350701402,tau,0.6685739622598431,0.6655782665130722
1065,1,0.25,11976,3,3,0.18837675350701402,p_self,0.821019224458613,0.8070943916599743
1065,1,0.25,11976,4,4,0.11080494321977288,v,1.0000000325242388e-9,2.177828422404835e-11
1065,1,0.25,11976,4,4,0.11080494321977288,B,1.8850242639343278,1.872305147433394
1065,1,0.25,11976,4,4,0.11080494321977288,a0,0.6857894409174349,0.6814825355104895
1065,1,0.25,11976,4,4,0.11080494321977288,tau,0.2790568741861023,0.2756297218447308
1065,1,0.25,11976,4,4,0.11080494321977288,p_self,0.7632376354116743,0.7704586864138341
1072,1,0.25,10756,1,3,0.15340275195239866,v,0.5020618316240364,0.5166416520892291
1072,1,0.25,10756,1,3,0.15340275195239866,B,1.350265551330297,1.3555299728778547
1072,1,0.25,10756,1,3,0.15340275195239866,a0,0.5621708336431366,0.5619713120810499
1072,1,0.25,10756,1,3,0.15340275195239866,tau,0.49713505483588233,0.4964535189514082
1072,1,0.25,10756,1,3,0.15340275195239866,p_self,0.9377447498004899,0.9466430353633947
1072,1,0.25,10756,2,1,0.4694124209743399,v,0.8390802270406186,0.8219493900874868
1072,1,0.25,10756,2,1,0.4694124209743399,B,2.0060418161283082,2.003630496367779
1072,1,0.25,10756,2,1,0.4694124209743399,a0,0.5932130082126261,0.595290745757455
1072,1,0.25,10756,2,1,0.4694124209743399,tau,0.752884539083127,0.7507976333744839
1072,1,0.25,10756,2,1,0.4694124209743399,p_self,0.901639029218704,0.9003562607025173
1072,1,0.25,10756,3,4,0.058200074377091855,v,0.1638515335537962,0.18193511056336947
1072,1,0.25,10756,3,4,0.058200074377091855,B,3.47384785337015,3.4465092400231123
1072,1,0.25,10756,3,4,0.058200074377091855,a0,0.5067630220675587,0.49908198131157283
1072,1,0.25,10756,3,4,0.058200074377091855,tau,2.6336619329908497e-9,0.039617610290261514
1072,1,0.25,10756,3,4,0.058200074377091855,p_self,0.42692528248263023,0.37938591556212414
1072,1,0.25,10756,4,2,0.3189847526961696,v,0.6425406935832939,0.6532856557261891
1072,1,0.25,10756,4,2,0.3189847526961696,B,1.4545024892879732,1.4603914428966103
1072,1,0.25,10756,4,2,0.3189847526961696,a0,0.5659838684446566,0.5770507841975407
1072,1,0.25,10756,4,2,0.3189847526961696,tau,0.6344603308754939,0.6394831985290607
1072,1,0.25,10756,4,2,0.3189847526961696,p_self,0.8957875893801651,0.891139087303171
Denna,1,0.25,993,1,2,0.35750251762336355,v,0.7461551306402006,0.7335620080227259
Denna,1,0.25,993,1,2,0.35750251762336355,B,1.747003071099824,1.790830240394911
Denna,1,0.25,993,1,2,0.35750251762336355,a0,0.5331030337205145,0.5179292534032709
Denna,1,0.25,993,1,2,0.35750251762336355,tau,0.7094755864406397,0.7179829512854596
Denna,1,0.25,993,1,2,0.35750251762336355,p_self,0.8329389343859691,0.7810995687388437
Denna,1,0.25,993,2,1,0.2497482376636455,v,0.6278008546536172,0.5508308582682897
Denna,1,0.25,993,2,1,0.2497482376636455,B,2.91727094865288,2.889267607846874
Denna,1,0.25,993,2,1,0.2497482376636455,a0,0.1673836627421216,0.1706454718501415
Denna,1,0.25,993,2,1,0.2497482376636455,tau,0.903499261182438,0.9027715374527644
Denna,1,0.25,993,2,1,0.2497482376636455,p_self,0.7080224379095335,0.7536056749081841
Denna,1,0.25,993,3,3,0.3121852970795569,v,0.5203984629469097,0.47709720911558884
Denna,1,0.25,993,3,3,0.3121852970795569,B,1.6170214203516855,1.5240667741868812
Denna,1,0.25,993,3,3,0.3121852970795569,a0,0.6400641158847629,0.6577047067909034
Denna,1,0.25,993,3,3,0.3121852970795569,tau,0.6209623131267168,0.6329226774464242
Denna,1,0.25,993,3,3,0.3121852970795569,p_self,0.9768918867991386,0.9809166832031163
Denna,1,0.25,993,4,4,0.08056394763343404,v,1.0000000065814349e-9,1.3509921857593e-7
Denna,1,0.25,993,4,4,0.08056394763343404,B,1.4367603863467548,1.3772499860587066
Denna,1,0.25,993,4,4,0.08056394763343404,a0,0.49383885931615906,0.5506310516467507
Denna,1,0.25,993,4,4,0.08056394763343404,tau,0.547800738795202,0.581694395119757
Denna,1,0.25,993,4,4,0.08056394763343404,p_self,0.701599467175666,0.5494443519816377
Dopey,1,0.25,3641,1,4,0.16478989288656962,v,0.4647825466032802,0.5173682605972008
Dopey,1,0.25,3641,1,4,0.16478989288656962,B,1.6249325928850307,1.636694628325234
Dopey,1,0.25,3641,1,4,0.16478989288656962,a0,0.47087199412847897,0.4676416570588013
Dopey,1,0.25,3641,1,4,0.16478989288656962,tau,0.44844886101212617,0.4355397607822047
Dopey,1,0.25,3641,1,4,0.16478989288656962,p_self,0.9824767783526573,0.9893578917685574
Dopey,1,0.25,3641,2,3,0.1625926943147487,v,0.4618986843962709,0.447668569344167
Dopey,1,0.25,3641,2,3,0.1625926943147487,B,2.3388493236196104,2.327125640093544
Dopey,1,0.25,3641,2,3,0.1625926943147487,a0,0.20177702418704763,0.19748878038214926
Dopey,1,0.25,3641,2,3,0.1625926943147487,tau,0.9643446177138644,0.9690147247008875
Dopey,1,0.25,3641,2,3,0.1625926943147487,p_self,0.7446295999880076,0.7574555045312894
Dopey,1,0.25,3641,3,1,0.36198846470749796,v,0.7947981342727394,0.686604736403632
Dopey,1,0.25,3641,3,1,0.36198846470749796,B,1.5073131782339801,1.4790439913666242
Dopey,1,0.25,3641,3,1,0.36198846470749796,a0,0.41133503887164613,0.4060020967386388
Dopey,1,0.25,3641,3,1,0.36198846470749796,tau,0.779300359263994,0.7901604335133524
Dopey,1,0.25,3641,3,1,0.36198846470749796,p_self,0.8060661784562221,0.812622432650001
Dopey,1,0.25,3641,4,2,0.31062894809118374,v,0.7230413431888082,0.7539095250488433
Dopey,1,0.25,3641,4,2,0.31062894809118374,B,1.608327388915974,1.6276161806987715
Dopey,1,0.25,3641,4,2,0.31062894809118374,a0,0.5147168410952022,0.5262906998855764
Dopey,1,0.25,3641,4,2,0.31062894809118374,tau,0.620815219746069,0.6136814110583201
Dopey,1,0.25,3641,4,2,0.31062894809118374,p_self,0.8951472337798388,0.8910954095116878
Draco,1,0.25,2096,1,4,0.36020992366412213,v,0.40530697288889456,0.2958187290723149
Draco,1,0.25,2096,1,4,0.36020992366412213,B,1.3782391564456584,1.3397852490110354
Draco,1,0.25,2096,1,4,0.36020992366412213,a0,0.3645576926430046,0.3553805754662561
Draco,1,0.25,2096,1,4,0.36020992366412213,tau,0.5880102535470566,0.5902789687758256
Draco,1,0.25,2096,1,4,0.36020992366412213,p_self,0.5512805614482444,0.5960617198639818
Draco,1,0.25,2096,2,2,0.3148854961832061,v,0.7245299711579013,0.7543957398527573
Draco,1,0.25,2096,2,2,0.3148854961832061,B,1.2665013367346962,1.295309371442236
Draco,1,0.25,2096,2,2,0.3148854961832061,a0,0.4163114356124642,0.4121332456954627
Draco,1,0.25,2096,2,2,0.3148854961832061,tau,0.5338358816676416,0.5245578141036296
Draco,1,0.25,2096,2,2,0.3148854961832061,p_self,0.9214648721801378,0.898429654805297
Draco,1,0.25,2096,3,1,0.2872137404580153,v,1.3221506442255786,1.6670281414762993
Draco,1,0.25,2096,3,1,0.2872137404580153,B,2.2197734020273248,2.40349704040541
Draco,1,0.25,2096,3,1,0.2872137404580153,a0,0.19997209871682944,0.18122999434480747
Draco,1,0.25,2096,3,1,0.2872137404580153,tau,0.676907427096059,0.6930253960082325
Draco,1,0.25,2096,3,1,0.2872137404580153,p_self,0.3845990596674426,0.4143658396199716
Draco,1,0.25,2096,4,3,0.03769083969465649,v,0.2527409644754138,0.33887949078534757
Draco,1,0.25,2096,4,3,0.03769083969465649,B,3.1135576728214263,3.27059909020671
Draco,1,0.25,2096,4,3,0.03769083969465649,a0,0.2667393550256553,0.2785029268688514
Draco,1,0.25,2096,4,3,0.03769083969465649,tau,9.668906104242632e-6,0.03090028981005409
Draco,1,0.25,2096,4,3,0.03769083969465649,p_self,0.370560895603306,0.45951562339456997
Randy,1,0.25,2974,1,4,0.16812373907195696,v,0.7527984647977394,0.6947689873086573
Randy,1,0.25,2974,1,4,0.16812373907195696,B,1.5310535951345599,1.4877986629247126
Randy,1,0.25,2974,1,4,0.16812373907195696,a0,0.402777449295945,0.4168518276196691
Randy,1,0.25,2974,1,4,0.16812373907195696,tau,0.4601922805269029,0.4702437888301925
Randy,1,0.25,2974,1,4,0.16812373907195696,p_self,0.9202305647727557,0.9480275333595432
Randy,1,0.25,2974,2,3,0.29287155346334903,v,0.8319358451784068,0.8836835742709532
Randy,1,0.25,2974,2,3,0.29287155346334903,B,1.4055625859235499,1.4352697304798916
Randy,1,0.25,2974,2,3,0.29287155346334903,a0,0.4000660650774445,0.3992331130298991
Randy,1,0.25,2974,2,3,0.29287155346334903,tau,0.6833572427413118,0.6790886738080241
Randy,1,0.25,2974,2,3,0.29287155346334903,p_self,0.6758773096861125,0.6507563921112304
Randy,1,0.25,2974,3,1,0.21889710827168796,v,1.8948580626407938,1.7743256760728872
Randy,1,0.25,2974,3,1,0.21889710827168796,B,2.441567734086318,2.270409858558837
Randy,1,0.25,2974,3,1,0.21889710827168796,a0,0.23037507844448446,0.23796927439061977
Randy,1,0.25,2974,3,1,0.21889710827168796,tau,0.5776852499990242,0.5790282723529537
Randy,1,0.25,2974,3,1,0.21889710827168796,p_self,0.5325330710338562,0.5171651666309373
Randy,1,0.25,2974,4,2,0.3201075991930061,v,1.0654034783926523,1.0940391921567747
Randy,1,0.25,2974,4,2,0.3201075991930061,B,2.2197820306921385,2.0990270019552026
Randy,1,0.25,2974,4,2,0.3201075991930061,a0,0.30288684195165433,0.3119567014019256
Randy,1,0.25,2974,4,2,0.3201075991930061,tau,0.6601067937408027,0.657583632774676
Randy,1,0.25,2974,4,2,0.3201075991930061,p_self,0.9664908475157682,0.9677481685927278
Remy,1,0.25,3262,1,4,0.11496014714898835,v,0.5733043800916808,0.6441416838694837
Remy,1,0.25,3262,1,4,0.11496014714898835,B,1.1917411125509203,1.2235281670738833
Remy,1,0.25,3262,1,4,0.11496014714898835,a0,0.4404575795750686,0.4658178278750244
Remy,1,0.25,3262,1,4,0.11496014714898835,tau,0.3599685419194402,0.3586228210353742
Remy,1,0.25,3262,1,4,0.11496014714898835,p_self,0.8763859448328958,0.845366480849705
Remy,1,0.25,3262,2,2,0.28877988963825874,v,0.8404553218821815,0.8955643444418778
Remy,1,0.25,3262,2,2,0.28877988963825874,B,1.3275823564201545,1.3234429936995975
Remy,1,0.25,3262,2,2,0.28877988963825874,a0,0.39230740571303874,0.37506163714827384
Remy,1,0.25,3262,2,2,0.28877988963825874,tau,0.5812280736260056,0.5879283786411588
Remy,1,0.25,3262,2,2,0.28877988963825874,p_self,0.8379773272862633,0.8055259586564864
Remy,1,0.25,3262,3,3,0.28080931943592885,v,0.8055281851070804,0.7877039789862148
Remy,1,0.25,3262,3,3,0.28080931943592885,B,1.199880503228307,1.2307209965807535
Remy,1,0.25,3262,3,3,0.28080931943592885,a0,0.38348430317611104,0.3648457234038842
Remy,1,0.25,3262,3,3,0.28080931943592885,tau,0.49487322842049636,0.49794571108360774
Remy,1,0.25,3262,3,3,0.28080931943592885,p_self,0.9108089158832333,0.8979805592991738
Remy,1,0.25,3262,4,1,0.315450643776824,v,0.9957705571649762,1.075495525160793
Remy,1,0.25,3262,4,1,0.315450643776824,B,1.768219603457149,1.763502711489755
Remy,1,0.25,3262,4,1,0.315450643776824,a0,0.28892829190703356,0.28110245124653727
Remy,1,0.25,3262,4,1,0.315450643776824,tau,0.7317363174730549,0.7361992923227776
Remy,1,0.25,3262,4,1,0.315450643776824,p_self,0.8592171858449702,0.8673723857312722
Rhea,1,0.25,3479,1,2,0.18309859154929578,v,0.3255303124136273,0.2908288754156026
Rhea,1,0.25,3479,1,2,0.18309859154929578,B,2.786697151063869,2.8166979155617957
Rhea,1,0.25,3479,1,2,0.18309859154929578,a0,0.18040699554426215,0.18423388502411794
Rhea,1,0.25,3479,1,2,0.18309859154929578,tau,0.6656851922382241,0.6645652634385633
Rhea,1,0.25,3479,1,2,0.18309859154929578,p_self,0.7154849316816445,0.723995995262192
Rhea,1,0.25,3479,2,4,0.006898534061511929,v,7.129082588306718e-6,0.3024869697921561
Rhea,1,0.25,3479,2,4,0.006898534061511929,B,1.3998712519832268,2.254871606681228
Rhea,1,0.25,3479,2,4,0.006898534061511929,a0,0.8745449883308131,0.9415010234301926
Rhea,1,0.25,3479,2,4,0.006898534061511929,tau,0.09463241744991235,0.09760555152278652
Rhea,1,0.25,3479,2,4,0.006898534061511929,p_self,0.6470357509780378,0.6654231238190397
Rhea,1,0.25,3479,3,3,0.19632078183386031,v,0.5939730104673706,0.6507611932074886
Rhea,1,0.25,3479,3,3,0.19632078183386031,B,1.440625977464062,1.3992338311221495
Rhea,1,0.25,3479,3,3,0.19632078183386031,a0,0.45083718270466533,0.44594647734016885
Rhea,1,0.25,3479,3,3,0.19632078183386031,tau,0.4730740727756503,0.4731306246489075
Rhea,1,0.25,3479,3,3,0.19632078183386031,p_self,0.8781496922684001,0.8684544080833656
Rhea,1,0.25,3479,4,1,0.613682092555332,v,0.922400292795348,0.9201196654241456
Rhea,1,0.25,3479,4,1,0.613682092555332,B,1.6070476207019193,1.621898994670726
Rhea,1,0.25,3479,4,1,0.613682092555332,a0,0.4495425885431462,0.44242852989086073
Rhea,1,0.25,3479,4,1,0.613682092555332,tau,0.7163498354516022,0.7124420639051204
Rhea,1,0.25,3479,4,1,0.613682092555332,p_self,0.9127870874163726,0.9203882774914228
Robert,1,0.25,4206,1,3,0.07513076557299096,v,0.3893301734540439,0.25063403701103537
Robert,1,0.25,4206,1,3,0.07513076557299096,B,1.248451148726604,1.1963477504766067
Robert,1,0.25,4206,1,3,0.07513076557299096,a0,0.6756163879811713,0.6861314846721157
Robert,1,0.25,4206,1,3,0.07513076557299096,tau,0.3683748409712899,0.37287492989684107
Robert,1,0.25,4206,1,3,0.07513076557299096,p_self,0.9054581923399987,0.8844082250350623
Robert,1,0.25,4206,2,2,0.3747028055159296,v,0.8207170223845558,0.7826079904410993
Robert,1,0.25,4206,2,2,0.3747028055159296,B,1.5248387990169474,1.5000068993317612
Robert,1,0.25,4206,2,2,0.3747028055159296,a0,0.6465176060483085,0.6440088142551842
Robert,1,0.25,4206,2,2,0.3747028055159296,tau,0.4789980892035087,0.48279015946009607
Robert,1,0.25,4206,2,2,0.3747028055159296,p_self,0.9465920137708693,0.9485700236337707
Robert,1,0.25,4206,3,1,0.5375653827864955,v,0.7892651261030583,0.8212000497200207
Robert,1,0.25,4206,3,1,0.5375653827864955,B,1.9996930636046073,2.034184670086247
Robert,1,0.25,4206,3,1,0.5375653827864955,a0,0.5749586660057007,0.5752538579879669
Robert,1,0.25,4206,3,1,0.5375653827864955,tau,0.5465451175504714,0.5443454442284241
Robert,1,0.25,4206,3,1,0.5375653827864955,p_self,0.9741733299148768,0.9725294133258675
Robert,1,0.25,4206,4,4,0.012601046124583928,v,7.05155906836209e-8,0.35692234915537463
Robert,1,0.25,4206,4,4,0.012601046124583928,B,4.427796823315172,5.276673637413566
Robert,1,0.25,4206,4,4,0.012601046124583928,a0,0.9925081078355605,0.9937664425930187
Robert,1,0.25,4206,4,4,0.012601046124583928,tau,0.09975710927727986,0.09961062430943277
Robert,1,0.25,4206,4,4,0.012601046124583928,p_self,0.6433478572364534,0.7032275136402515
Ron,1,0.25,3426,1,3,0.1587857559836544,v,0.7143734541268285,0.6393744030297281
Ron,1,0.25,3426,1,3,0.1587857559836544,B,1.159177529651249,1.1941756822841054
Ron,1,0.25,3426,1,3,0.1587857559836544,a0,0.4321996221193549,0.4079728788112971
Ron,1,0.25,3426,1,3,0.1587857559836544,tau,0.40643148796684175,0.4031649466510646
Ron,1,0.25,3426,1,3,0.1587857559836544,p_self,0.9108616134747407,0.915297755360481
Ron,1,0.25,3426,2,1,0.44687682428488035,v,0.846691802583875,0.8488266319746656
Ron,1,0.25,3426,2,1,0.44687682428488035,B,1.7973134801982793,1.773059498641394
Ron,1,0.25,3426,2,1,0.44687682428488035,a0,0.34207219445647985,0.353055471305983
Ron,1,0.25,3426,2,1,0.44687682428488035,tau,0.6197968804887972,0.616508253374351
Ron,1,0.25,3426,2,1,0.44687682428488035,p_self,0.9522299045930163,0.9502936460879141
Ron,1,0.25,3426,3,2,0.3657326328079393,v,0.9671766089703138,1.0085506754643312
Ron,1,0.25,3426,3,2,0.3657326328079393,B,1.3575351991215328,1.3127381819216102
Ron,1,0.25,3426,3,2,0.3657326328079393,a0,0.40627110788833015,0.40944524652963293
Ron,1,0.25,3426,3,2,0.3657326328079393,tau,0.5271141808881562,0.5293372731095198
Ron,1,0.25,3426,3,2,0.3657326328079393,p_self,0.9341288537867475,0.9322141553290325
Ron,1,0.25,3426,4,4,0.028604786923525978,v,0.19189639766358751,0.2819813813204831
Ron,1,0.25,3426,4,4,0.028604786923525978,B,3.1737428573834694,3.8174930341827746
Ron,1,0.25,3426,4,4,0.028604786923525978,a0,0.2913478834479578,0.2199001855549399
Ron,1,0.25,3426,4,4,0.028604786923525978,tau,0.001,0.0803265404725144
Ron,1,0.25,3426,4,4,0.028604786923525978,p_self,0.2861979886850173,0.3723326824716213
Rudy,1,0.25,5523,1,1,0.23103385841028426,v,0.6366252334378325,0.6597196684581058
Rudy,1,0.25,5523,1,1,0.23103385841028426,B,1.9031963045519225,1.9391249818158809
Rudy,1,0.25,5523,1,1,0.23103385841028426,a0,0.6475438009505534,0.6560147057130408
Rudy,1,0.25,5523,1,1,0.23103385841028426,tau,0.7158634431291246,0.7138652722347021
Rudy,1,0.25,5523,1,1,0.23103385841028426,p_self,0.9411932010104782,0.9495043469222321
Rudy,1,0.25,5523,2,4,0.1249321021184139,v,0.39755132039781466,0.4014316857772599
Rudy,1,0.25,5523,2,4,0.1249321021184139,B,1.2970818395124435,1.2725999324322663
Rudy,1,0.25,5523,2,4,0.1249321021184139,a0,0.5033874299096278,0.5126104918350024
Rudy,1,0.25,5523,2,4,0.1249321021184139,tau,0.38137704189356847,0.38326252432027474
Rudy,1,0.25,5523,2,4,0.1249321021184139,p_self,0.9746185331815044,0.9757917407074641
Rudy,1,0.25,5523,3,2,0.30997646206771684,v,0.5854129265830177,0.5747043596706916
Rudy,1,0.25,5523,3,2,0.30997646206771684,B,1.722341568180952,1.706166354902333
Rudy,1,0.25,5523,3,2,0.30997646206771684,a0,0.36446168497744685,0.36723879676384585
Rudy,1,0.25,5523,3,2,0.30997646206771684,tau,0.7041238424394871,0.7081427313507946
Rudy,1,0.25,5523,3,2,0.30997646206771684,p_self,0.949974655440756,0.9445316749560594
Rudy,1,0.25,5523,4,3,0.334057577403585,v,0.5690085099270729,0.5540708863519578
Rudy,1,0.25,5523,4,3,0.334057577403585,B,1.4294672848161556,1.4305493333879882
Rudy,1,0.25,5523,4,3,0.334057577403585,a0,0.4159847454571089,0.4204667371723117
Rudy,1,0.25,5523,4,3,0.334057577403585,tau,0.531203462761423,0.5323309923431094
Rudy,1,0.25,5523,4,3,0.334057577403585,p_self,0.9122055975494068,0.9176304767057238
1029,1,0.5,14268,1,3,0.11844687412391365,v,0.5653457680078668,0.5024921152808707
1029,1,0.5,14268,1,3,0.11844687412391365,B,1.5973846369224725,1.614229774781846
1029,1,0.5,14268,1,3,0.11844687412391365,a0,0.33751197416176976,0.32936850229006803
1029,1,0.5,14268,1,3,0.11844687412391365,tau,0.5202791968874979,0.5234903759662343
1029,1,0.5,14268,1,3,0.11844687412391365,p_self,0.611783066397737,0.6193622307016414
1029,1,0.5,14268,2,1,0.31833473507148863,v,0.8932725283254994,0.9375854530606994
1029,1,0.5,14268,2,1,0.31833473507148863,B,1.633798536158704,1.657235349975905
1029,1,0.5,14268,2,1,0.31833473507148863,a0,0.2517184602219363,0.24736446454347322
1029,1,0.5,14268,2,1,0.31833473507148863,tau,0.7860544345704711,0.7872876830833228
1029,1,0.5,14268,2,1,0.31833473507148863,p_self,0.7449609123577863,0.7527795347400938
1029,1,0.5,14268,3,4,0.2682926829268293,v,0.6006103310371609,0.6688889951198201
1029,1,0.5,14268,3,4,0.2682926829268293,B,1.1715417027982824,1.190005428423234
1029,1,0.5,14268,3,4,0.2682926829268293,a0,0.3347153171021106,0.3363115025842869
1029,1,0.5,14268,3,4,0.2682926829268293,tau,0.6809741109613539,0.6804498849817727
1029,1,0.5,14268,3,4,0.2682926829268293,p_self,0.5746584179270963,0.6124416735607343
1029,1,0.5,14268,4,2,0.29492570787776845,v,0.7098823065150497,0.7038969336607909
1029,1,0.5,14268,4,2,0.29492570787776845,B,1.795680910332275,1.7855387417171584
1029,1,0.5,14268,4,2,0.29492570787776845,a0,0.38418010841266126,0.38691196461427707
1029,1,0.5,14268,4,2,0.29492570787776845,tau,0.8263866477189183,0.8256211004578418
1029,1,0.5,14268,4,2,0.29492570787776845,p_self,0.9539711795946118,0.9548508450565782
1052,1,0.5,33346,1,4,0.08003958495771607,v,0.741749424262331,0.7162788455844834
1052,1,0.5,33346,1,4,0.08003958495771607,B,1.4719430297164522,1.4386398083599456
1052,1,0.5,33346,1,4,0.08003958495771607,a0,0.5265984057091216,0.5206123942323233
1052,1,0.5,33346,1,4,0.08003958495771607,tau,0.4643695790635634,0.47167208603017163
1052,1,0.5,33346,1,4,0.08003958495771607,p_self,0.9200929513039785,0.9238731656837481
1052,1,0.5,33346,2,2,0.35251604390331676,v,0.8495490762619959,0.815289272178326
1052,1,0.5,33346,2,2,0.35251604390331676,B,1.819964692781034,1.809398806406005
1052,1,0.5,33346,2,2,0.35251604390331676,a0,0.37395390363164743,0.37443207814228774
1052,1,0.5,33346,2,2,0.35251604390331676,tau,0.6900950475612075,0.6896668861540185
1052,1,0.5,33346,2,2,0.35251604390331676,p_self,0.9025112486824812,0.9135860261502653
1052,1,0.5,33346,3,1,0.1927067714268578,v,0.6549214918262521,0.671333761119573
1052,1,0.5,33346,3,1,0.1927067714268578,B,2.4743403817955305,2.4783730005044817
1052,1,0.5,33346,3,1,0.1927067714268578,a0,0.7980538008637681,0.7940583266585424
1052,1,0.5,33346,3,1,0.1927067714268578,tau,0.7044847730816189,0.7007973521751945
1052,1,0.5,33346,3,1,0.1927067714268578,p_self,0.7881098195528966,0.8016274388985157
1052,1,0.5,33346,4,3,0.3747375997121094,v,0.8965043591196146,0.9036546968960326
1052,1,0.5,33346,4,3,0.3747375997121094,B,1.4760169654147175,1.469400696087032
1052,1,0.5,33346,4,3,0.3747375997121094,a0,0.5340415729628796,0.5315388896769421
1052,1,0.5,33346,4,3,0.3747375997121094,tau,0.5753721175036631,0.5772072196092489
1052,1,0.5,33346,4,3,0.3747375997121094,p_self,0.9099906445556136,0.9164840417626079
1054,1,0.5,19635,1,3,0.42826585179526355,v,0.6280653928919168,0.6235489571138739
1054,1,0.5,19635,1,3,0.42826585179526355,B,1.489248697071165,1.481704534540603
1054,1,0.5,19635,1,3,0.42826585179526355,a0,0.5311852810298893,0.5343202506884882
1054,1,0.5,19635,1,3,0.42826585179526355,tau,0.7076360767867038,0.7052729896245183
1054,1,0.5,19635,1,3,0.42826585179526355,p_self,0.6019189744172765,0.5704929596029663
1054,1,0.5,19635,2,4,0.011255411255411256,v,0.2845617726357114,0.38577326255974087
1054,1,0.5,19635,2,4,0.011255411255411256,B,1.9285123479046318,1.9127967120923592
1054,1,0.5,19635,2,4,0.011255411255411256,a0,0.2257953662719743,0.24742610367549003
1054,1,0.5,19635,2,4,0.011255411255411256,tau,0.05066179450458444,0.04463371727275352
1054,1,0.5,19635,2,4,0.011255411255411256,p_self,0.9564677633754828,0.9574074382527021
1054,1,0.5,19635,3,2,0.26707410236822,v,0.5011984535222537,0.4971730074698002
1054,1,0.5,19635,3,2,0.26707410236822,B,2.4296905712924866,2.4156820986515815
1054,1,0.5,19635,3,2,0.26707410236822,a0,0.5892798832701336,0.5907650485331025
1054,1,0.5,19635,3,2,0.26707410236822,tau,0.7583682079697893,0.7613412406113884
1054,1,0.5,19635,3,2,0.26707410236822,p_self,0.962422298516216,0.9578923924464682
1054,1,0.5,19635,4,1,0.29340463458110516,v,0.5831940216439105,0.5923663884588222
1054,1,0.5,19635,4,1,0.29340463458110516,B,2.383768714403669,2.3815417176881377
1054,1,0.5,19635,4,1,0.29340463458110516,a0,0.5476270702631261,0.544432600985522
1054,1,0.5,19635,4,1,0.29340463458110516,tau,0.4678189793352673,0.47881007089569605
1054,1,0.5,19635,4,1,0.29340463458110516,p_self,0.4371545323209499,0.42163646122982723
1059,1,0.5,7192,1,4,0.02878197997775306,v,1.3370907867317824e-6,0.04596268134773635
1059,1,0.5,7192,1,4,0.02878197997775306,B,1.6367611156359805,1.7638207481054935
1059,1,0.5,7192,1,4,0.02878197997775306,a0,0.4086499764503617,0.4438241602134171
1059,1,0.5,7192,1,4,0.02878197997775306,tau,0.5933642658704587,0.5732441127271944
1059,1,0.5,7192,1,4,0.02878197997775306,p_self,0.630053068069149,0.6086647541811732
1059,1,0.5,7192,2,1,0.46774193548387094,v,0.7078360280647069,0.731199272054108
1059,1,0.5,7192,2,1,0.46774193548387094,B,1.8905359179695111,1.8888968815759444
1059,1,0.5,7192,2,1,0.46774193548387094,a0,0.4077874827011445,0.41902619880224556
1059,1,0.5,7192,2,1,0.46774193548387094,tau,0.9447687718089782,0.9399405825572917
1059,1,0.5,7192,2,1,0.46774193548387094,p_self,0.9254023141239424,0.9251541813657552
1059,1,0.5,7192,3,3,0.25987208008898777,v,0.4820074049765469,0.5389448995078598
1059,1,0.5,7192,3,3,0.25987208008898777,B,2.272694467248372,2.2953625133012183
1059,1,0.5,7192,3,3,0.25987208008898777,a0,0.4211834169324659,0.4229846000899584
1059,1,0.5,7192,3,3,0.25987208008898777,tau,1.0895467626445179,1.0911404236415903
1059,1,0.5,7192,3,3,0.25987208008898777,p_self,0.9279551206176738,0.9251979823210507
1059,1,0.5,7192,4,2,0.2436040044493882,v,0.6057561463866011,0.6504150744667021
1059,1,0.5,7192,4,2,0.2436040044493882,B,1.8294302477344095,1.756045670796057
1059,1,0.5,7192,4,2,0.2436040044493882,a0,0.35074978257421846,0.3420620196230031
1059,1,0.5,7192,4,2,0.2436040044493882,tau,0.7988437061049258,0.8065284204060255
1059,1,0.5,7192,4,2,0.2436040044493882,p_self,0.8793201596519805,0.8773788884601048
1060,1,0.5,30058,1,4,0.15556590591523056,v,0.45103745056688943,0.4583591342573351
1060,1,0.5,30058,1,4,0.15556590591523056,B,1.3826438265730283,1.3755145627002532
1060,1,0.5,30058,1,4,0.15556590591523056,a0,0.38903367032753583,0.38913687429907756
1060,1,0.5,30058,1,4,0.15556590591523056,tau,0.6099684642641717,0.6100754239993513
1060,1,0.5,30058,1,4,0.15556590591523056,p_self,0.8065223961143007,0.8052797594028874
1060,1,0.5,30058,2,3,0.033002861135138735,v,0.25645596097485335,0.30653002858164424
1060,1,0.5,30058,2,3,0.033002861135138735,B,3.085839289501122,3.2050670968444694
1060,1,0.5,30058,2,3,0.033002861135138735,a0,0.34171289460325005,0.3284534087425975
1060,1,0.5,30058,2,3,0.033002861135138735,tau,5.836244128105647e-6,0.0008147142122655153
1060,1,0.5,30058,2,3,0.033002861135138735,p_self,0.38572231755107655,0.38333844041607495
1060,1,0.5,30058,3,1,0.3969658659924147,v,0.6630776609720751,0.6638058914056001
1060,1,0.5,30058,3,1,0.3969658659924147,B,2.6588037035950918,2.6572496690235328
1060,1,0.5,30058,3,1,0.3969658659924147,a0,0.44126728548896893,0.4468736331266603
1060,1,0.5,30058,3,1,0.3969658659924147,tau,0.834059752478034,0.8287015179893055
1060,1,0.5,30058,3,1,0.3969658659924147,p_self,0.9463958914891134,0.9492017506918439
1060,1,0.5,30058,4,2,0.41446536695721603,v,0.5517681004198816,0.5673300017997865
1060,1,0.5,30058,4,2,0.41446536695721603,B,1.8126015884198499,1.8088861316455465
1060,1,0.5,30058,4,2,0.41446536695721603,a0,0.4021396967803679,0.4019690951402531
1060,1,0.5,30058,4,2,0.41446536695721603,tau,0.7270090430675128,0.7280800029517749
1060,1,0.5,30058,4,2,0.41446536695721603,p_self,0.9124630582070064,0.9162058084231158
1062,1,0.5,45020,1,4,0.08040870724122612,v,0.23025697819058996,0.29452130911807967
1062,1,0.5,45020,1,4,0.08040870724122612,B,1.8482051776422743,1.8612819860315166
1062,1,0.5,45020,1,4,0.08040870724122612,a0,0.40332105048020483,0.4148798634032198
1062,1,0.5,45020,1,4,0.08040870724122612,tau,0.48690031870895434,0.4869423785636763
1062,1,0.5,45020,1,4,0.08040870724122612,p_self,0.7519009965561584,0.7853510210484168
1062,1,0.5,45020,2,1,0.41916925810750777,v,0.8985570324372217,0.8798070148387752
1062,1,0.5,45020,2,1,0.41916925810750777,B,2.0224302520137543,2.0142421382925213
1062,1,0.5,45020,2,1,0.41916925810750777,a0,0.4224704448965215,0.41935200350940205
1062,1,0.5,45020,2,1,0.41916925810750777,tau,0.7964037359056352,0.7967228530790599
1062,1,0.5,45020,2,1,0.41916925810750777,p_self,0.9019956687418462,0.9079943643184203
1062,1,0.5,45020,3,2,0.18234118169702354,v,0.47605461372505736,0.48294932881777397
1062,1,0.5,45020,3,2,0.18234118169702354,B,2.7436282686408386,2.7751045797257787
1062,1,0.5,45020,3,2,0.18234118169702354,a0,0.7988599992025761,0.8035540187309448
1062,1,0.5,45020,3,2,0.18234118169702354,tau,0.8502912599746667,0.8529506456960164
1062,1,0.5,45020,3,2,0.18234118169702354,p_self,0.7582217620503219,0.7588494922976015
1062,1,0.5,45020,4,3,0.31808085295424254,v,0.793466577106801,0.7990616168011528
1062,1,0.5,45020,4,3,0.31808085295424254,B,1.396386084669819,1.3965239396067475
1062,1,0.5,45020,4,3,0.31808085295424254,a0,0.44260143096663435,0.4412508745049126
1062,1,0.5,45020,4,3,0.31808085295424254,tau,0.6970555308300078,0.6973809912853967
1062,1,0.5,45020,4,3,0.31808085295424254,p_self,0.8430834913187714,0.8459845189914276
1064,1,0.5,33786,1,4,0.059314508968211686,v,0.49043823000644976,0.5594702055882622
1064,1,0.5,33786,1,4,0.059314508968211686,B,1.7294551536548601,1.717808029683171
1064,1,0.5,33786,1,4,0.059314508968211686,a0,0.5580223909856526,0.5614602253871993
1064,1,0.5,33786,1,4,0.059314508968211686,tau,0.40102505408563927,0.4032876994324302
1064,1,0.5,33786,1,4,0.059314508968211686,p_self,0.6997158786587183,0.7154026992595788
1064,1,0.5,33786,2,3,0.2958621914402415,v,0.7308728245473508,0.728617894141854
1064,1,0.5,33786,2,3,0.2958621914402415,B,1.2691106078272665,1.26698422693195
1064,1,0.5,33786,2,3,0.2958621914402415,a0,0.5038524178889172,0.5098181829981883
1064,1,0.5,33786,2,3,0.2958621914402415,tau,0.6197333307939888,0.6198632522370386
1064,1,0.5,33786,2,3,0.2958621914402415,p_self,0.8558247880955487,0.8637218880679459
1064,1,0.5,33786,3,1,0.2407802048185639,v,1.015701621526682,1.045587721201826
1064,1,0.5,33786,3,1,0.2407802048185639,B,1.7458016576434885,1.734932499781938
1064,1,0.5,33786,3,1,0.2407802048185639,a0,0.6379062332468967,0.6412169195154582
1064,1,0.5,33786,3,1,0.2407802048185639,tau,0.7252498836555652,0.7291255635822477
1064,1,0.5,33786,3,1,0.2407802048185639,p_self,0.9388810799478455,0.9300115288229767
1064,1,0.5,33786,4,2,0.4040430947729829,v,0.9592344578968196,0.959650787703259
1064,1,0.5,33786,4,2,0.4040430947729829,B,1.765044542585196,1.7712485444834363
1064,1,0.5,33786,4,2,0.4040430947729829,a0,0.41429815373252327,0.40980137231526353
1064,1,0.5,33786,4,2,0.4040430947729829,tau,0.7643613381699261,0.7665793918319344
1064,1,0.5,33786,4,2,0.4040430947729829,p_self,0.9460752018765795,0.9470590549625545
1065,1,0.5,23866,1,2,0.32548395206570013,v,0.6632829107034734,0.6521773306849543
1065,1,0.5,23866,1,2,0.32548395206570013,B,1.6743600007029835,1.6799968787691115
1065,1,0.5,23866,1,2,0.32548395206570013,a0,0.4100432792940315,0.4109978520384784
1065,1,0.5,23866,1,2,0.32548395206570013,tau,0.720824736739647,0.7192374175255651
1065,1,0.5,23866,1,2,0.32548395206570013,p_self,0.8291021902840886,0.8370099720084422
1065,1,0.5,23866,2,1,0.38075085896254085,v,0.5464851196650504,0.5584285808898146
1065,1,0.5,23866,2,1,0.38075085896254085,B,2.1807911676142306,2.191479219214619
1065,1,0.5,23866,2,1,0.38075085896254085,a0,0.29315666352589204,0.29755824511164425
1065,1,0.5,23866,2,1,0.38075085896254085,tau,0.9031535341919076,0.903350305919236
1065,1,0.5,23866,2,1,0.38075085896254085,p_self,0.872715007822158,0.8739793136024364
1065,1,0.5,23866,3,3,0.18591301433000923,v,0.3786340489433477,0.37842331863624884
1065,1,0.5,23866,3,3,0.18591301433000923,B,2.8706461110563297,2.855241253280096
1065,1,0.5,23866,3,3,0.18591301433000923,a0,0.8100189776078677,0.8049746343206912
1065,1,0.5,23866,3,3,0.18591301433000923,tau,0.6685739622598431,0.6654804246690089
1065,1,0.5,23866,3,3,0.18591301433000923,p_self,0.821019224458613,0.8248790858680024
1065,1,0.5,23866,4,4,0.10785217464174977,v,1.0000000325242388e-9,5.057544649100576e-7
1065,1,0.5,23866,4,4,0.10785217464174977,B,1.8850242639343278,1.8766560410107802
1065,1,0.5,23866,4,4,0.10785217464174977,a0,0.6857894409174349,0.6952221192928194
1065,1,0.5,23866,4,4,0.10785217464174977,tau,0.2790568741861023,0.2825920076185025
1065,1,0.5,23866,4,4,0.10785217464174977,p_self,0.7632376354116743,0.7565271604618804
1072,1,0.5,22724,1,3,0.13707973948248547,v,0.5020618316240364,0.4851821690946617
1072,1,0.5,22724,1,3,0.13707973948248547,B,1.350265551330297,1.3098808336760184
1072,1,0.5,22724,1,3,0.13707973948248547,a0,0.5621708336431366,0.5673551727624356
1072,1,0.5,22724,1,3,0.13707973948248547,tau,0.49713505483588233,0.5006304667358974
1072,1,0.5,22724,1,3,0.13707973948248547,p_self,0.9377447498004899,0.9368566707601603
1072,1,0.5,22724,2,1,0.4760165463826791,v,0.8390802270406186,0.8300998176558618
1072,1,0.5,22724,2,1,0.4760165463826791,B,2.0060418161283082,1.996972620611824
1072,1,0.5,22724,2,1,0.4760165463826791,a0,0.5932130082126261,0.5966676035723334
1072,1,0.5,22724,2,1,0.4760165463826791,tau,0.752884539083127,0.7557835423805896
1072,1,0.5,22724,2,1,0.4760165463826791,p_self,0.901639029218704,0.9062860957253132
1072,1,0.5,22724,3,4,0.05474388311916916,v,0.1638515335537962,0.1923013390487684
1072,1,0.5,22724,3,4,0.05474388311916916,B,3.47384785337015,3.4595413243976703
1072,1,0.5,22724,3,4,0.05474388311916916,a0,0.5067630220675587,0.5066610147889016
1072,1,0.5,22724,3,4,0.05474388311916916,tau,2.6336619329908497e-9,0.0009999860076815384
1072,1,0.5,22724,3,4,0.05474388311916916,p_self,0.42692528248263023,0.42486229478292664
1072,1,0.5,22724,4,2,0.33215983101566626,v,0.6425406935832939,0.6277585020406932
1072,1,0.5,22724,4,2,0.33215983101566626,B,1.4545024892879732,1.4700444411418214
1072,1,0.5,22724,4,2,0.33215983101566626,a0,0.5659838684446566,0.5684335555082441
1072,1,0.5,22724,4,2,0.33215983101566626,tau,0.6344603308754939,0.6329587836054744
1072,1,0.5,22724,4,2,0.33215983101566626,p_self,0.8957875893801651,0.9010923532008763
Denna,1,0.5,2869,1,2,0.37678633670268386,v,0.7461551306402006,0.7645367556295769
Denna,1,0.5,2869,1,2,0.37678633670268386,B,1.747003071099824,1.7913287167608292
Denna,1,0.5,2869,1,2,0.37678633670268386,a0,0.5331030337205145,0.5413665366027862
Denna,1,0.5,2869,1,2,0.37678633670268386,tau,0.7094755864406397,0.7013699460005962
Denna,1,0.5,2869,1,2,0.37678633670268386,p_self,0.8329389343859691,0.8336220244084097
Denna,1,0.5,2869,2,1,0.2628093412338794,v,0.6278008546536172,0.6479194780002276
Denna,1,0.5,2869,2,1,0.2628093412338794,B,2.91727094865288,2.955025778598105
Denna,1,0.5,2869,2,1,0.2628093412338794,a0,0.1673836627421216,0.1621355789986252
Denna,1,0.5,2869,2,1,0.2628093412338794,tau,0.903499261182438,0.9093769119516543
Denna,1,0.5,2869,2,1,0.2628093412338794,p_self,0.7080224379095335,0.7220730167978786
Denna,1,0.5,2869,3,3,0.2753572673405368,v,0.5203984629469097,0.5509565042182338
Denna,1,0.5,2869,3,3,0.2753572673405368,B,1.6170214203516855,1.6022529487784882
Denna,1,0.5,2869,3,3,0.2753572673405368,a0,0.6400641158847629,0.6209685906835719
Denna,1,0.5,2869,3,3,0.2753572673405368,tau,0.6209623131267168,0.6087505810779769
Denna,1,0.5,2869,3,3,0.2753572673405368,p_self,0.9768918867991386,0.9799548288984689
Denna,1,0.5,2869,4,4,0.08504705472289996,v,1.0000000065814349e-9,1.6894461868403286e-7
Denna,1,0.5,2869,4,4,0.08504705472289996,B,1.4367603863467548,1.594354784536288
Denna,1,0.5,2869,4,4,0.08504705472289996,a0,0.49383885931615906,0.49926400294071943
Denna,1,0.5,2869,4,4,0.08504705472289996,tau,0.547800738795202,0.5293452197604077
Denna,1,0.5,2869,4,4,0.08504705472289996,p_self,0.701599467175666,0.7194854184378935
Dopey,1,0.5,8365,1,4,0.05487148834429169,v,0.4647825466032802,0.4269640469051776
Dopey,1,0.5,8365,1,4,0.05487148834429169,B,1.6249325928850307,1.6673670380604222
Dopey,1,0.5,8365,1,4,0.05487148834429169,a0,0.47087199412847897,0.45953189156601504
Dopey,1,0.5,8365,1,4,0.05487148834429169,tau,0.44844886101212617,0.4333850309644737
Dopey,1,0.5,8365,1,4,0.05487148834429169,p_self,0.9824767783526573,0.9762843744554203
Dopey,1,0.5,8365,2,3,0.1945008965929468,v,0.4618986843962709,0.4951022757716739
Dopey,1,0.5,8365,2,3,0.1945008965929468,B,2.3388493236196104,2.3668917852989666
Dopey,1,0.5,8365,2,3,0.1945008965929468,a0,0.20177702418704763,0.2157412839924623
Dopey,1,0.5,8365,2,3,0.1945008965929468,tau,0.9643446177138644,0.9572222028176681
Dopey,1,0.5,8365,2,3,0.1945008965929468,p_self,0.7446295999880076,0.7307909410682356
Dopey,1,0.5,8365,3,1,0.4227136879856545,v,0.7947981342727394,0.8203127227236022
Dopey,1,0.5,8365,3,1,0.4227136879856545,B,1.5073131782339801,1.491653406331089
Dopey,1,0.5,8365,3,1,0.4227136879856545,a0,0.41133503887164613,0.4103016665576411
Dopey,1,0.5,8365,3,1,0.4227136879856545,tau,0.779300359263994,0.7785763194666255
Dopey,1,0.5,8365,3,1,0.4227136879856545,p_self,0.8060661784562221,0.7789176471254502
Dopey,1,0.5,8365,4,2,0.327913927077107,v,0.7230413431888082,0.7663439480037163
Dopey,1,0.5,8365,4,2,0.327913927077107,B,1.608327388915974,1.6018570658983649
Dopey,1,0.5,8365,4,2,0.327913927077107,a0,0.5147168410952022,0.5122174913263178
Dopey,1,0.5,8365,4,2,0.327913927077107,tau,0.620815219746069,0.6242322429850791
Dopey,1,0.5,8365,4,2,0.327913927077107,p_self,0.8951472337798388,0.8912506312631243
Draco,1,0.5,4858,1,4,0.3645533141210375,v,0.40530697288889456,0.46832468332035054
Draco,1,0.5,4858,1,4,0.3645533141210375,B,1.3782391564456584,1.3692067993090171
Draco,1,0.5,4858,1,4,0.3645533141210375,a0,0.3645576926430046,0.3613481257499821
Draco,1,0.5,4858,1,4,0.3645533141210375,tau,0.5880102535470566,0.588760876863986
Draco,1,0.5,4858,1,4,0.3645533141210375,p_self,0.5512805614482444,0.5948351944141583
Draco,1,0.5,4858,2,2,0.3268834911486208,v,0.7245299711579013,0.655910591452532
Draco,1,0.5,4858,2,2,0.3268834911486208,B,1.2665013367346962,1.2603258460295717
Draco,1,0.5,4858,2,2,0.3268834911486208,a0,0.4163114356124642,0.42301111084628173
Draco,1,0.5,4858,2,2,0.3268834911486208,tau,0.5338358816676416,0.5320230662745754
Draco,1,0.5,4858,2,2,0.3268834911486208,p_self,0.9214648721801378,0.9404750586268197
Draco,1,0.5,4858,3,1,0.27933305887196375,v,1.3221506442255786,1.2689879152814354
Draco,1,0.5,4858,3,1,0.27933305887196375,B,2.2197734020273248,2.1411676578508
Draco,1,0.5,4858,3,1,0.27933305887196375,a0,0.19997209871682944,0.19964722452517678
Draco,1,0.5,4858,3,1,0.27933305887196375,tau,0.676907427096059,0.674591705377441
Draco,1,0.5,4858,3,1,0.27933305887196375,p_self,0.3845990596674426,0.47191913817269826
Draco,1,0.5,4858,4,3,0.029230135858377932,v,0.2527409644754138,0.2806092123287219
Draco,1,0.5,4858,4,3,0.029230135858377932,B,3.1135576728214263,3.157434187416971
Draco,1,0.5,4858,4,3,0.029230135858377932,a0,0.2667393550256553,0.2967409923069723
Draco,1,0.5,4858,4,3,0.029230135858377932,tau,9.668906104242632e-6,0.014042495639893553
Draco,1,0.5,4858,4,3,0.029230135858377932,p_self,0.370560895603306,0.26764281057625355
Randy,1,0.5,6188,1,4,0.11199095022624435,v,0.7527984647977394,0.7221957006530889
Randy,1,0.5,6188,1,4,0.11199095022624435,B,1.5310535951345599,1.5486182976143217
Randy,1,0.5,6188,1,4,0.11199095022624435,a0,0.402777449295945,0.3999928345837559
Randy,1,0.5,6188,1,4,0.11199095022624435,tau,0.4601922805269029,0.46199136886077635
Randy,1,0.5,6188,1,4,0.11199095022624435,p_self,0.9202305647727557,0.935667439716431
Randy,1,0.5,6188,2,3,0.2850678733031674,v,0.8319358451784068,0.7676562361430742
Randy,1,0.5,6188,2,3,0.2850678733031674,B,1.4055625859235499,1.3774356639794298
Randy,1,0.5,6188,2,3,0.2850678733031674,a0,0.4000660650774445,0.4086485681786621
Randy,1,0.5,6188,2,3,0.2850678733031674,tau,0.6833572427413118,0.6786499816963684
Randy,1,0.5,6188,2,3,0.2850678733031674,p_self,0.6758773096861125,0.6476375334034884
Randy,1,0.5,6188,3,1,0.2184873949579832,v,1.8948580626407938,2.0380599115816955
Randy,1,0.5,6188,3,1,0.2184873949579832,B,2.441567734086318,2.5707342669438464
Randy,1,0.5,6188,3,1,0.2184873949579832,a0,0.23037507844448446,0.22719247997380032
Randy,1,0.5,6188,3,1,0.2184873949579832,tau,0.5776852499990242,0.5776240310425726
Randy,1,0.5,6188,3,1,0.2184873949579832,p_self,0.5325330710338562,0.546046655550391
Randy,1,0.5,6188,4,2,0.38445378151260506,v,1.0654034783926523,1.0622780008826933
Randy,1,0.5,6188,4,2,0.38445378151260506,B,2.2197820306921385,2.238959252717454
Randy,1,0.5,6188,4,2,0.38445378151260506,a0,0.30288684195165433,0.296382746524354
Randy,1,0.5,6188,4,2,0.38445378151260506,tau,0.6601067937408027,0.6603567842319499
Randy,1,0.5,6188,4,2,0.38445378151260506,p_self,0.9664908475157682,0.9724223815137418
Remy,1,0.5,11854,1,4,0.11810359372363759,v,0.5733043800916808,0.47563272460082673
Remy,1,0.5,11854,1,4,0.11810359372363759,B,1.1917411125509203,1.2145329786062775
Remy,1,0.5,11854,1,4,0.11810359372363759,a0,0.4404575795750686,0.4415134729399025
Remy,1,0.5,11854,1,4,0.11810359372363759,tau,0.3599685419194402,0.3593392438993763
Remy,1,0.5,11854,1,4,0.11810359372363759,p_self,0.8763859448328958,0.9037086044769609
Remy,1,0.5,11854,2,2,0.3003205668972499,v,0.8404553218821815,0.8599760206574515
Remy,1,0.5,11854,2,2,0.3003205668972499,B,1.3275823564201545,1.36104714797246
Remy,1,0.5,11854,2,2,0.3003205668972499,a0,0.39230740571303874,0.39408121869689866
Remy,1,0.5,11854,2,2,0.3003205668972499,tau,0.5812280736260056,0.5794435908020716
Remy,1,0.5,11854,2,2,0.3003205668972499,p_self,0.8379773272862633,0.8305465930122925
Remy,1,0.5,11854,3,3,0.2752657330858782,v,0.8055281851070804,0.8085032845438606
Remy,1,0.5,11854,3,3,0.2752657330858782,B,1.199880503228307,1.1936202640443847
Remy,1,0.5,11854,3,3,0.2752657330858782,a0,0.38348430317611104,0.3816729013080371
Remy,1,0.5,11854,3,3,0.2752657330858782,tau,0.49487322842049636,0.496007759624211
Remy,1,0.5,11854,3,3,0.2752657330858782,p_self,0.9108089158832333,0.9243458902944408
Remy,1,0.5,11854,4,1,0.30631010629323435,v,0.9957705571649762,0.9962094361376871
Remy,1,0.5,11854,4,1,0.30631010629323435,B,1.768219603457149,1.79943429593333
Remy,1,0.5,11854,4,1,0.30631010629323435,a0,0.28892829190703356,0.2784217048375419
Remy,1,0.5,11854,4,1,0.30631010629323435,tau,0.7317363174730549,0.7343356679400996
Remy,1,0.5,11854,4,1,0.30631010629323435,p_self,0.8592171858449702,0.8433675033148406
Rhea,1,0.5,9205,1,2,0.18055404671374253,v,0.3255303124136273,0.3030973013886629
Rhea,1,0.5,9205,1,2,0.18055404671374253,B,2.786697151063869,2.745585155903272
Rhea,1,0.5,9205,1,2,0.18055404671374253,a0,0.18040699554426215,0.17724896089781364
Rhea,1,0.5,9205,1,2,0.18055404671374253,tau,0.6656851922382241,0.6669166837660168
Rhea,1,0.5,9205,1,2,0.18055404671374253,p_self,0.7154849316816445,0.6985482872472965
Rhea,1,0.5,9205,2,4,0.005431830526887561,v,7.129082588306718e-6,0.8140366057840258
Rhea,1,0.5,9205,2,4,0.005431830526887561,B,1.3998712519832268,5.153301121587691
Rhea,1,0.5,9205,2,4,0.005431830526887561,a0,0.8745449883308131,0.9711940432638226
Rhea,1,0.5,9205,2,4,0.005431830526887561,tau,0.09463241744991235,0.09775169201445275
Rhea,1,0.5,9205,2,4,0.005431830526887561,p_self,0.6470357509780378,0.5867723818906084
Rhea,1,0.5,9205,3,3,0.1968495382944052,v,0.5939730104673706,0.6131078561788136
Rhea,1,0.5,9205,3,3,0.1968495382944052,B,1.440625977464062,1.4401703013570224
Rhea,1,0.5,9205,3,3,0.1968495382944052,a0,0.45083718270466533,0.4428063474697769
Rhea,1,0.5,9205,3,3,0.1968495382944052,tau,0.4730740727756503,0.4722348271320647
Rhea,1,0.5,9205,3,3,0.1968495382944052,p_self,0.8781496922684001,0.8704724964447399
Rhea,1,0.5,9205,4,1,0.6171645844649647,v,0.922400292795348,0.952055928229713
Rhea,1,0.5,9205,4,1,0.6171645844649647,B,1.6070476207019193,1.5916432126081794
Rhea,1,0.5,9205,4,1,0.6171645844649647,a0,0.4495425885431462,0.4571007462171797
Rhea,1,0.5,9205,4,1,0.6171645844649647,tau,0.7163498354516022,0.7181899104713804
Rhea,1,0.5,9205,4,1,0.6171645844649647,p_self,0.9127870874163726,0.9076624800106273
Robert,1,0.5,8052,1,3,0.07215598609041232,v,0.3893301734540439,0.4791287916110791
Robert,1,0.5,8052,1,3,0.07215598609041232,B,1.248451148726604,1.2114875072904712
Robert,1,0.5,8052,1,3,0.07215598609041232,a0,0.6756163879811713,0.666715727862295
Robert,1,0.5,8052,1,3,0.07215598609041232,tau,0.3683748409712899,0.37195022294061886
Robert,1,0.5,8052,1,3,0.07215598609041232,p_self,0.9054581923399987,0.9051885176628626
Robert,1,0.5,8052,2,2,0.3969200198708395,v,0.8207170223845558,0.7916218583989609
Robert,1,0.5,8052,2,2,0.3969200198708395,B,1.5248387990169474,1.5351714855945813
Robert,1,0.5,8052,2,2,0.3969200198708395,a0,0.6465176060483085,0.6555114250536479
Robert,1,0.5,8052,2,2,0.3969200198708395,tau,0.4789980892035087,0.4805343830846508
Robert,1,0.5,8052,2,2,0.3969200198708395,p_self,0.9465920137708693,0.9480721475485583
Robert,1,0.5,8052,3,1,0.5213611525086935,v,0.7892651261030583,0.7954078473926496
Robert,1,0.5,8052,3,1,0.5213611525086935,B,1.9996930636046073,1.9891371984838822
Robert,1,0.5,8052,3,1,0.5213611525086935,a0,0.5749586660057007,0.5800315045698983
Robert,1,0.5,8052,3,1,0.5213611525086935,tau,0.5465451175504714,0.5516277204283916
Robert,1,0.5,8052,3,1,0.5213611525086935,p_self,0.9741733299148768,0.9705313414900891
Robert,1,0.5,8052,4,4,0.009562841530054645,v,7.05155906836209e-8,0.1009851236107461
Robert,1,0.5,8052,4,4,0.009562841530054645,B,4.427796823315172,2.767581289357859
Robert,1,0.5,8052,4,4,0.009562841530054645,a0,0.9925081078355605,0.9897301529657595
Robert,1,0.5,8052,4,4,0.009562841530054645,tau,0.09975710927727986,0.09964459755159358
Robert,1,0.5,8052,4,4,0.009562841530054645,p_self,0.6433478572364534,0.731004552205415
Ron,1,0.5,8920,1,3,0.23352017937219732,v,0.7143734541268285,0.7231434423968659
Ron,1,0.5,8920,1,3,0.23352017937219732,B,1.159177529651249,1.1621742159740798
Ron,1,0.5,8920,1,3,0.23352017937219732,a0,0.4321996221193549,0.4206074106518511
Ron,1,0.5,8920,1,3,0.23352017937219732,tau,0.40643148796684175,0.4076521782396741
Ron,1,0.5,8920,1,3,0.23352017937219732,p_self,0.9108616134747407,0.9024157549225955
Ron,1,0.5,8920,2,1,0.2969730941704036,v,0.846691802583875,0.8625209374786672
Ron,1,0.5,8920,2,1,0.2969730941704036,B,1.7973134801982793,1.7913331953574174
Ron,1,0.5,8920,2,1,0.2969730941704036,a0,0.34207219445647985,0.3448531260771902
Ron,1,0.5,8920,2,1,0.2969730941704036,tau,0.6197968804887972,0.6197084633084752
Ron,1,0.5,8920,2,1,0.2969730941704036,p_self,0.9522299045930163,0.9467011248155589
Ron,1,0.5,8920,3,2,0.4525784753363229,v,0.9671766089703138,0.9882273242117743
Ron,1,0.5,8920,3,2,0.4525784753363229,B,1.3575351991215328,1.3693934674631496
Ron,1,0.5,8920,3,2,0.4525784753363229,a0,0.40627110788833015,0.40931392805694994
Ron,1,0.5,8920,3,2,0.4525784753363229,tau,0.5271141808881562,0.523678761554019
Ron,1,0.5,8920,3,2,0.4525784753363229,p_self,0.9341288537867475,0.933565362691059
Ron,1,0.5,8920,4,4,0.016928251121076234,v,0.19189639766358751,0.14911953162108396
Ron,1,0.5,8920,4,4,0.016928251121076234,B,3.1737428573834694,3.358955455739657
Ron,1,0.5,8920,4,4,0.016928251121076234,a0,0.2913478834479578,0.279903051430811
Ron,1,0.5,8920,4,4,0.016928251121076234,tau,0.001,0.000941273179664147
Ron,1,0.5,8920,4,4,0.016928251121076234,p_self,0.2861979886850173,0.14418879341081245
Rudy,1,0.5,11613,1,1,0.2005511065185568,v,0.6366252334378325,0.6732449452255294
Rudy,1,0.5,11613,1,1,0.2005511065185568,B,1.9031963045519225,1.889358544334292
Rudy,1,0.5,11613,1,1,0.2005511065185568,a0,0.6475438009505534,0.6389623838735897
Rudy,1,0.5,11613,1,1,0.2005511065185568,tau,0.7158634431291246,0.7177058093723557
Rudy,1,0.5,11613,1,1,0.2005511065185568,p_self,0.9411932010104782,0.9364605965341969
Rudy,1,0.5,11613,2,4,0.15258761732541118,v,0.39755132039781466,0.35615256468928125
Rudy,1,0.5,11613,2,4,0.15258761732541118,B,1.2970818395124435,1.3047875657359986
Rudy,1,0.5,11613,2,4,0.15258761732541118,a0,0.5033874299096278,0.4967979248295161
Rudy,1,0.5,11613,2,4,0.15258761732541118,tau,0.38137704189356847,0.3797810598686899
Rudy,1,0.5,11613,2,4,0.15258761732541118,p_self,0.9746185331815044,0.9771063103052184
Rudy,1,0.5,11613,3,2,0.3290278136571084,v,0.5854129265830177,0.5609093385336406
Rudy,1,0.5,11613,3,2,0.3290278136571084,B,1.722341568180952,1.7037344847202973
Rudy,1,0.5,11613,3,2,0.3290278136571084,a0,0.36446168497744685,0.3714880829807251
Rudy,1,0.5,11613,3,2,0.3290278136571084,tau,0.7041238424394871,0.7036123184749226
Rudy,1,0.5,11613,3,2,0.3290278136571084,p_self,0.949974655440756,0.9566546223527217
Rudy,1,0.5,11613,4,3,0.31783346249892364,v,0.5690085099270729,0.5598507110126167
Rudy,1,0.5,11613,4,3,0.31783346249892364,B,1.4294672848161556,1.4402553314294309
Rudy,1,0.5,11613,4,3,0.31783346249892364,a0,0.4159847454571089,0.4205877167671536
Rudy,1,0.5,11613,4,3,0.31783346249892364,tau,0.531203462761423,0.5298500099215258
Rudy,1,0.5,11613,4,3,0.31783346249892364,p_self,0.9122055975494068,0.920537786230748
